battery_power,blue,clock_speed,dual_sim,fc,four_g,int_memory,m_dep,mobile_wt,n_cores,pc,px_height,px_width,ram,sc_h,sc_w,talk_time,three_g,touch_screen,wifi,price_range
1043.0,1.0,1.8,1.0,14.0,0.0,5.0,0.1,193.0,3.0,16.0,226.0,1412.0,3476.0,12.0,7.0,2.0,0.0,1.0,0.0,3
841.0,1.0,0.5,1.0,4.0,1.0,61.0,0.8,191.0,5.0,12.0,746.0,857.0,3895.0,6.0,0.0,7.0,1.0,0.0,0.0,3
1807.0,1.0,2.8,0.0,1.0,0.0,27.0,0.9,186.0,3.0,4.0,1270.0,1366.0,2396.0,17.0,10.0,10.0,0.0,1.0,1.0,2
1546.0,0.0,0.5,1.0,18.0,1.0,25.0,0.5,96.0,8.0,20.0,295.0,1752.0,3893.0,10.0,0.0,7.0,1.0,1.0,0.0,3
1434.0,0.0,1.4,0.0,11.0,1.0,49.0,0.5,108.0,6.0,18.0,749.0,810.0,1773.0,15.0,8.0,7.0,1.0,0.0,1.0,1
1464.0,1.0,2.9,1.0,5.0,1.0,50.0,0.8,198.0,8.0,9.0,569.0,939.0,3506.0,10.0,7.0,3.0,1.0,1.0,1.0,3
1718.0,0.0,2.4,0.0,1.0,0.0,47.0,1.0,156.0,2.0,3.0,1283.0,1374.0,3873.0,14.0,2.0,10.0,0.0,0.0,0.0,3
833.0,0.0,2.4,1.0,0.0,0.0,62.0,0.8,111.0,1.0,2.0,1312.0,1880.0,1495.0,7.0,2.0,18.0,0.0,1.0,1.0,1
1111.0,1.0,2.9,1.0,9.0,1.0,25.0,0.6,101.0,5.0,19.0,556.0,876.0,3485.0,11.0,9.0,10.0,1.0,1.0,0.0,3
1520.0,0.0,0.5,0.0,1.0,0.0,25.0,0.5,171.0,3.0,20.0,52.0,1009.0,651.0,6.0,0.0,5.0,1.0,0.0,1.0,0
1500.0,0.0,2.2,0.0,2.0,0.0,55.0,0.6,80.0,7.0,6.0,503.0,1336.0,3866.0,13.0,7.0,20.0,0.0,1.0,0.0,3
1343.0,0.0,2.9,0.0,2.0,1.0,34.0,0.8,171.0,3.0,6.0,235.0,1671.0,3911.0,15.0,8.0,8.0,1.0,1.0,1.0,3
900.0,1.0,1.4,1.0,0.0,0.0,30.0,1.0,87.0,2.0,3.0,829.0,1893.0,439.0,6.0,2.0,20.0,1.0,0.0,0.0,0
1190.0,1.0,2.2,1.0,5.0,0.0,19.0,0.9,158.0,5.0,15.0,227.0,1856.0,992.0,13.0,0.0,16.0,1.0,1.0,0.0,0
630.0,0.0,1.8,0.0,8.0,1.0,51.0,0.9,193.0,8.0,9.0,1315.0,1323.0,2751.0,17.0,6.0,3.0,1.0,1.0,0.0,2
1846.0,1.0,1.0,0.0,5.0,1.0,53.0,0.7,106.0,8.0,7.0,185.0,1832.0,563.0,9.0,5.0,10.0,1.0,0.0,1.0,0
1985.0,0.0,0.5,1.0,14.0,1.0,26.0,1.0,163.0,2.0,17.0,613.0,1511.0,2083.0,13.0,3.0,14.0,1.0,1.0,0.0,2
1042.0,0.0,2.9,0.0,5.0,1.0,48.0,0.2,186.0,4.0,15.0,335.0,532.0,2187.0,9.0,2.0,5.0,1.0,0.0,0.0,1
1231.0,1.0,1.7,1.0,2.0,1.0,37.0,0.2,194.0,2.0,3.0,82.0,1771.0,3902.0,19.0,12.0,15.0,1.0,0.0,1.0,3
1488.0,0.0,2.6,0.0,9.0,0.0,37.0,0.7,189.0,4.0,20.0,47.0,559.0,2524.0,5.0,0.0,6.0,0.0,0.0,0.0,2
968.0,0.0,0.6,0.0,8.0,1.0,7.0,0.7,151.0,1.0,17.0,504.0,1930.0,1357.0,15.0,1.0,16.0,1.0,1.0,0.0,1
529.0,0.0,2.6,1.0,1.0,0.0,60.0,0.5,101.0,5.0,5.0,521.0,1591.0,3456.0,13.0,11.0,9.0,0.0,1.0,0.0,3
1558.0,0.0,1.7,1.0,7.0,0.0,50.0,0.1,115.0,2.0,10.0,777.0,1587.0,1641.0,17.0,0.0,9.0,0.0,1.0,1.0,1
533.0,1.0,0.7,1.0,16.0,0.0,58.0,0.8,97.0,5.0,18.0,512.0,1111.0,2322.0,17.0,3.0,2.0,0.0,1.0,0.0,1
1037.0,0.0,1.7,1.0,1.0,0.0,5.0,0.7,125.0,3.0,6.0,1194.0,1321.0,3862.0,17.0,4.0,7.0,1.0,1.0,0.0,3
1025.0,0.0,1.6,1.0,6.0,1.0,43.0,0.7,122.0,3.0,16.0,1003.0,1306.0,557.0,15.0,10.0,14.0,1.0,1.0,1.0,0
1858.0,0.0,3.0,1.0,0.0,0.0,17.0,0.6,124.0,4.0,1.0,575.0,1200.0,2427.0,16.0,11.0,13.0,1.0,1.0,0.0,2
980.0,0.0,0.5,0.0,1.0,0.0,8.0,0.1,91.0,5.0,5.0,54.0,658.0,625.0,17.0,3.0,7.0,0.0,1.0,1.0,0
644.0,1.0,0.5,1.0,9.0,0.0,15.0,0.2,139.0,5.0,10.0,627.0,630.0,3836.0,10.0,9.0,10.0,1.0,0.0,1.0,3
1024.0,1.0,1.6,1.0,0.0,1.0,38.0,0.8,81.0,2.0,0.0,129.0,1048.0,854.0,11.0,3.0,10.0,1.0,0.0,0.0,0
1981.0,0.0,2.9,1.0,2.0,1.0,11.0,0.3,184.0,8.0,13.0,876.0,1408.0,2383.0,11.0,2.0,18.0,1.0,0.0,0.0,2
1380.0,0.0,2.6,1.0,15.0,1.0,56.0,0.5,187.0,8.0,16.0,501.0,643.0,926.0,9.0,5.0,7.0,1.0,0.0,0.0,0
1557.0,1.0,1.7,1.0,1.0,0.0,32.0,0.3,152.0,7.0,11.0,1407.0,1633.0,3048.0,17.0,11.0,7.0,1.0,0.0,0.0,3
1201.0,1.0,2.2,1.0,10.0,0.0,49.0,0.8,175.0,4.0,20.0,722.0,992.0,824.0,18.0,13.0,9.0,1.0,0.0,0.0,0
1074.0,1.0,1.2,0.0,0.0,0.0,45.0,0.8,193.0,3.0,6.0,1219.0,1904.0,874.0,11.0,7.0,2.0,1.0,0.0,0.0,1
1175.0,1.0,2.1,0.0,3.0,0.0,33.0,0.9,124.0,6.0,8.0,119.0,1777.0,1617.0,5.0,3.0,7.0,0.0,0.0,1.0,1
1280.0,0.0,0.9,1.0,4.0,1.0,8.0,0.6,96.0,6.0,5.0,753.0,1557.0,3309.0,17.0,16.0,8.0,1.0,0.0,1.0,3
1715.0,0.0,0.6,1.0,1.0,1.0,28.0,0.4,112.0,6.0,16.0,162.0,847.0,1786.0,19.0,2.0,12.0,1.0,0.0,1.0,1
1165.0,0.0,0.9,0.0,4.0,0.0,40.0,0.9,150.0,2.0,11.0,313.0,528.0,3128.0,13.0,0.0,14.0,1.0,0.0,0.0,2
567.0,0.0,2.6,0.0,0.0,0.0,2.0,0.2,87.0,4.0,1.0,181.0,566.0,2243.0,16.0,6.0,10.0,0.0,1.0,1.0,1
1952.0,1.0,1.4,0.0,2.0,0.0,47.0,0.8,190.0,2.0,10.0,1416.0,1892.0,994.0,9.0,5.0,17.0,0.0,1.0,1.0,1
822.0,1.0,1.4,1.0,2.0,0.0,43.0,0.3,189.0,8.0,7.0,645.0,851.0,2749.0,13.0,4.0,16.0,1.0,0.0,1.0,2
685.0,1.0,0.5,1.0,0.0,0.0,12.0,0.5,121.0,6.0,15.0,79.0,633.0,793.0,5.0,4.0,11.0,0.0,0.0,1.0,0
1388.0,1.0,0.6,1.0,12.0,1.0,17.0,0.6,174.0,5.0,19.0,153.0,972.0,324.0,14.0,0.0,3.0,1.0,0.0,0.0,0
1972.0,0.0,2.1,0.0,2.0,0.0,48.0,0.6,188.0,3.0,14.0,480.0,748.0,366.0,5.0,3.0,17.0,1.0,1.0,0.0,0
1411.0,1.0,1.7,0.0,9.0,1.0,57.0,0.5,80.0,7.0,17.0,700.0,1234.0,1228.0,17.0,3.0,7.0,1.0,1.0,0.0,1
1094.0,0.0,2.3,1.0,2.0,0.0,20.0,0.9,135.0,1.0,5.0,221.0,610.0,1413.0,7.0,0.0,16.0,0.0,1.0,1.0,0
1653.0,0.0,0.7,1.0,1.0,1.0,13.0,0.5,114.0,4.0,15.0,1585.0,1896.0,2617.0,16.0,4.0,18.0,1.0,1.0,1.0,3
916.0,0.0,2.0,1.0,9.0,0.0,33.0,0.7,142.0,7.0,20.0,65.0,1867.0,1798.0,11.0,5.0,5.0,1.0,1.0,0.0,1
1712.0,0.0,0.8,0.0,1.0,0.0,29.0,0.3,149.0,7.0,6.0,556.0,816.0,2693.0,7.0,1.0,5.0,1.0,1.0,0.0,2
882.0,1.0,0.9,1.0,13.0,0.0,32.0,0.8,103.0,8.0,14.0,224.0,764.0,2437.0,17.0,14.0,15.0,0.0,1.0,1.0,1
632.0,0.0,1.2,0.0,6.0,1.0,33.0,0.5,101.0,2.0,10.0,705.0,992.0,837.0,16.0,4.0,3.0,1.0,0.0,0.0,0
1442.0,1.0,0.5,1.0,0.0,0.0,56.0,0.4,165.0,3.0,3.0,709.0,1695.0,2815.0,6.0,0.0,8.0,0.0,1.0,1.0,2
900.0,0.0,1.9,0.0,11.0,0.0,47.0,0.2,150.0,8.0,14.0,97.0,663.0,1440.0,14.0,2.0,4.0,1.0,1.0,1.0,0
1630.0,1.0,0.6,1.0,4.0,0.0,20.0,0.9,153.0,7.0,10.0,1131.0,1360.0,3470.0,17.0,6.0,4.0,1.0,1.0,0.0,3
1596.0,1.0,1.4,1.0,6.0,0.0,24.0,0.3,174.0,5.0,15.0,359.0,1022.0,1251.0,18.0,15.0,2.0,1.0,1.0,1.0,1
1272.0,1.0,0.5,0.0,9.0,1.0,54.0,0.6,133.0,8.0,11.0,1813.0,1871.0,3181.0,10.0,6.0,14.0,1.0,0.0,1.0,3
1640.0,0.0,2.5,1.0,1.0,0.0,7.0,0.2,135.0,4.0,2.0,839.0,1788.0,1361.0,9.0,1.0,7.0,0.0,1.0,1.0,1
1111.0,0.0,1.4,1.0,10.0,0.0,15.0,0.5,198.0,7.0,14.0,550.0,666.0,1630.0,13.0,5.0,2.0,1.0,0.0,1.0,1
1889.0,1.0,2.9,0.0,15.0,0.0,25.0,0.3,90.0,2.0,17.0,443.0,755.0,3689.0,9.0,6.0,2.0,1.0,0.0,1.0,3
1907.0,1.0,1.1,1.0,1.0,0.0,22.0,0.1,80.0,8.0,4.0,502.0,1113.0,3586.0,11.0,2.0,6.0,1.0,0.0,1.0,3
529.0,0.0,2.5,1.0,5.0,0.0,56.0,0.3,139.0,4.0,6.0,130.0,647.0,3942.0,10.0,0.0,7.0,0.0,0.0,1.0,3
578.0,0.0,0.5,0.0,3.0,1.0,38.0,0.7,121.0,6.0,5.0,19.0,667.0,1431.0,5.0,0.0,7.0,1.0,0.0,0.0,0
1634.0,1.0,2.3,1.0,2.0,1.0,39.0,0.4,164.0,1.0,7.0,386.0,636.0,2167.0,12.0,0.0,20.0,1.0,1.0,1.0,1
1533.0,1.0,1.2,1.0,1.0,1.0,22.0,0.6,172.0,3.0,15.0,22.0,1345.0,1248.0,9.0,2.0,9.0,1.0,0.0,0.0,0
660.0,0.0,0.6,0.0,5.0,1.0,47.0,0.1,83.0,3.0,6.0,49.0,1552.0,1986.0,8.0,0.0,15.0,1.0,1.0,0.0,1
1847.0,1.0,1.6,0.0,10.0,1.0,28.0,0.2,111.0,4.0,14.0,1497.0,1508.0,1378.0,5.0,2.0,18.0,1.0,0.0,1.0,2
1206.0,1.0,0.5,1.0,6.0,0.0,10.0,0.8,134.0,8.0,20.0,1327.0,1361.0,2959.0,5.0,1.0,20.0,0.0,0.0,1.0,3
549.0,1.0,0.5,0.0,3.0,1.0,53.0,0.8,173.0,5.0,5.0,555.0,1386.0,1893.0,5.0,2.0,19.0,1.0,1.0,1.0,1
1705.0,1.0,2.8,0.0,2.0,1.0,23.0,1.0,122.0,3.0,20.0,1560.0,1808.0,1676.0,8.0,6.0,20.0,1.0,1.0,1.0,2
1366.0,0.0,0.5,1.0,4.0,0.0,36.0,0.1,185.0,1.0,16.0,346.0,702.0,1912.0,17.0,13.0,19.0,0.0,0.0,1.0,1
1991.0,0.0,0.5,0.0,5.0,0.0,58.0,0.6,109.0,5.0,6.0,912.0,1660.0,1947.0,10.0,5.0,7.0,1.0,0.0,1.0,2
1102.0,1.0,1.2,0.0,5.0,1.0,40.0,1.0,175.0,3.0,14.0,756.0,882.0,2734.0,15.0,12.0,4.0,1.0,1.0,0.0,2
1452.0,0.0,1.1,0.0,3.0,1.0,32.0,0.5,175.0,3.0,5.0,699.0,1704.0,3617.0,16.0,1.0,12.0,1.0,1.0,0.0,3
1810.0,1.0,1.1,1.0,6.0,0.0,63.0,0.9,151.0,1.0,19.0,582.0,1752.0,3414.0,18.0,10.0,10.0,1.0,0.0,0.0,3
1166.0,1.0,2.2,1.0,2.0,1.0,41.0,1.0,165.0,7.0,4.0,680.0,1078.0,482.0,19.0,11.0,11.0,1.0,1.0,1.0,0
881.0,1.0,0.8,1.0,5.0,0.0,6.0,0.4,117.0,6.0,12.0,814.0,1015.0,2813.0,18.0,1.0,17.0,1.0,0.0,1.0,2
1134.0,1.0,0.5,1.0,0.0,1.0,64.0,0.5,166.0,5.0,0.0,672.0,1597.0,661.0,13.0,7.0,20.0,1.0,0.0,0.0,0
1031.0,1.0,2.0,1.0,1.0,1.0,20.0,0.7,177.0,1.0,4.0,450.0,911.0,2546.0,9.0,6.0,12.0,1.0,0.0,1.0,1
1376.0,1.0,2.4,1.0,0.0,1.0,34.0,0.4,167.0,6.0,1.0,757.0,1371.0,3922.0,5.0,0.0,2.0,1.0,0.0,0.0,3
1391.0,0.0,1.4,1.0,2.0,1.0,56.0,0.1,137.0,5.0,8.0,208.0,900.0,1199.0,15.0,8.0,10.0,1.0,1.0,1.0,0
979.0,0.0,2.1,0.0,6.0,0.0,24.0,0.6,124.0,5.0,16.0,1194.0,1256.0,3779.0,7.0,2.0,20.0,0.0,1.0,0.0,3
1075.0,1.0,1.9,0.0,0.0,0.0,36.0,0.6,127.0,4.0,3.0,1335.0,1427.0,3870.0,8.0,3.0,20.0,1.0,1.0,0.0,3
968.0,0.0,0.5,1.0,13.0,1.0,61.0,0.1,168.0,8.0,16.0,91.0,1585.0,858.0,8.0,7.0,11.0,1.0,1.0,0.0,0
1999.0,0.0,0.5,1.0,1.0,1.0,15.0,0.7,183.0,8.0,11.0,33.0,653.0,3840.0,19.0,17.0,12.0,1.0,0.0,1.0,3
1626.0,0.0,2.7,0.0,3.0,0.0,20.0,0.1,164.0,2.0,17.0,1095.0,1499.0,454.0,8.0,4.0,6.0,1.0,1.0,0.0,0
942.0,0.0,1.7,1.0,14.0,0.0,28.0,0.8,153.0,8.0,20.0,336.0,797.0,3953.0,13.0,11.0,7.0,0.0,0.0,1.0,3
1182.0,0.0,1.7,0.0,4.0,1.0,42.0,0.9,189.0,3.0,20.0,659.0,661.0,1633.0,14.0,3.0,6.0,1.0,0.0,1.0,1
1982.0,1.0,0.8,1.0,9.0,0.0,48.0,0.4,98.0,6.0,16.0,183.0,709.0,3035.0,10.0,4.0,9.0,1.0,0.0,1.0,3
1373.0,0.0,1.4,1.0,3.0,0.0,27.0,0.6,80.0,8.0,6.0,652.0,1100.0,966.0,14.0,0.0,9.0,0.0,0.0,1.0,0
1151.0,0.0,1.7,1.0,8.0,0.0,44.0,0.5,107.0,8.0,17.0,410.0,1014.0,1761.0,7.0,4.0,10.0,1.0,0.0,0.0,1
1650.0,1.0,2.1,1.0,6.0,0.0,51.0,0.9,99.0,5.0,15.0,440.0,1416.0,1938.0,14.0,0.0,3.0,0.0,1.0,1.0,2
1663.0,1.0,0.6,1.0,0.0,0.0,17.0,0.7,152.0,4.0,2.0,532.0,886.0,2820.0,14.0,1.0,5.0,1.0,1.0,1.0,2
1965.0,1.0,0.5,0.0,0.0,1.0,3.0,0.9,168.0,7.0,17.0,1373.0,1949.0,305.0,6.0,0.0,20.0,1.0,0.0,0.0,1
679.0,0.0,0.9,1.0,0.0,0.0,41.0,0.3,154.0,4.0,1.0,773.0,920.0,2838.0,19.0,7.0,6.0,0.0,0.0,1.0,2
1465.0,0.0,2.5,0.0,2.0,0.0,3.0,1.0,90.0,5.0,8.0,965.0,974.0,2042.0,8.0,2.0,12.0,0.0,1.0,1.0,2
1809.0,1.0,2.2,1.0,3.0,0.0,27.0,0.3,137.0,5.0,19.0,568.0,1864.0,700.0,11.0,10.0,12.0,1.0,0.0,0.0,1
757.0,1.0,2.4,1.0,8.0,1.0,26.0,0.2,164.0,8.0,17.0,652.0,1157.0,2593.0,19.0,3.0,15.0,1.0,0.0,1.0,2
1034.0,1.0,0.7,0.0,7.0,1.0,47.0,0.2,105.0,6.0,15.0,214.0,1463.0,1835.0,8.0,1.0,9.0,1.0,0.0,0.0,1
1119.0,1.0,2.5,0.0,9.0,0.0,23.0,0.8,81.0,4.0,19.0,423.0,1003.0,3121.0,15.0,4.0,5.0,0.0,1.0,0.0,2
559.0,1.0,0.5,1.0,0.0,1.0,24.0,0.8,103.0,4.0,5.0,537.0,627.0,2023.0,14.0,1.0,2.0,1.0,0.0,0.0,1
1204.0,1.0,1.8,0.0,9.0,0.0,19.0,0.8,113.0,8.0,15.0,667.0,1872.0,737.0,10.0,5.0,18.0,0.0,0.0,0.0,0
1008.0,0.0,2.3,1.0,4.0,1.0,15.0,0.4,89.0,8.0,19.0,491.0,692.0,450.0,11.0,7.0,18.0,1.0,0.0,0.0,0
1397.0,1.0,2.7,1.0,4.0,0.0,19.0,0.5,146.0,7.0,13.0,1037.0,1829.0,2928.0,12.0,2.0,4.0,0.0,0.0,0.0,3
697.0,0.0,0.6,1.0,0.0,1.0,34.0,0.1,114.0,4.0,6.0,325.0,610.0,1694.0,14.0,8.0,8.0,1.0,0.0,1.0,0
1939.0,1.0,1.3,0.0,5.0,0.0,58.0,0.3,174.0,2.0,17.0,49.0,974.0,2593.0,11.0,6.0,6.0,0.0,0.0,1.0,2
1039.0,0.0,1.9,1.0,2.0,0.0,15.0,0.7,113.0,1.0,5.0,1324.0,1945.0,745.0,9.0,2.0,10.0,0.0,0.0,0.0,0
1605.0,1.0,1.3,0.0,1.0,1.0,51.0,0.8,83.0,4.0,20.0,597.0,921.0,1310.0,11.0,9.0,10.0,1.0,1.0,1.0,1
1094.0,0.0,1.6,1.0,2.0,0.0,34.0,0.6,128.0,8.0,4.0,765.0,836.0,2743.0,9.0,3.0,20.0,0.0,0.0,1.0,2
769.0,1.0,0.5,1.0,1.0,1.0,30.0,0.8,190.0,3.0,9.0,470.0,1115.0,3976.0,12.0,10.0,11.0,1.0,0.0,1.0,3
861.0,1.0,0.6,1.0,0.0,0.0,40.0,0.1,132.0,2.0,13.0,653.0,1062.0,3931.0,18.0,14.0,2.0,0.0,0.0,0.0,3
504.0,0.0,0.9,1.0,4.0,0.0,63.0,1.0,169.0,2.0,16.0,463.0,1609.0,3455.0,17.0,15.0,15.0,0.0,0.0,1.0,3
1930.0,1.0,1.6,1.0,5.0,1.0,64.0,0.3,119.0,4.0,17.0,325.0,1205.0,1533.0,5.0,1.0,6.0,1.0,0.0,1.0,1
1795.0,1.0,0.6,1.0,10.0,0.0,52.0,0.3,140.0,2.0,16.0,855.0,910.0,3876.0,18.0,17.0,2.0,1.0,0.0,0.0,3
1363.0,0.0,1.6,1.0,3.0,1.0,2.0,0.9,159.0,7.0,6.0,912.0,1684.0,3239.0,11.0,5.0,11.0,1.0,0.0,0.0,3
1376.0,1.0,2.8,0.0,3.0,1.0,38.0,0.1,195.0,2.0,4.0,492.0,1110.0,3628.0,13.0,2.0,13.0,1.0,0.0,0.0,3
1981.0,1.0,0.5,0.0,2.0,0.0,19.0,0.4,123.0,7.0,3.0,605.0,769.0,3663.0,15.0,0.0,2.0,1.0,0.0,0.0,3
1901.0,0.0,2.7,0.0,4.0,0.0,62.0,0.7,133.0,3.0,17.0,401.0,1989.0,1786.0,16.0,10.0,5.0,0.0,1.0,1.0,2
1319.0,0.0,1.3,1.0,10.0,0.0,5.0,0.1,140.0,8.0,17.0,366.0,1821.0,3502.0,14.0,6.0,3.0,1.0,0.0,0.0,3
859.0,1.0,2.7,0.0,5.0,0.0,58.0,0.4,178.0,1.0,16.0,1225.0,1358.0,815.0,10.0,4.0,2.0,1.0,0.0,1.0,0
1664.0,1.0,2.1,0.0,10.0,0.0,25.0,0.1,147.0,3.0,11.0,573.0,856.0,275.0,9.0,3.0,11.0,1.0,1.0,1.0,0
955.0,0.0,0.5,1.0,0.0,0.0,62.0,0.4,151.0,1.0,1.0,261.0,538.0,3758.0,15.0,3.0,18.0,1.0,1.0,1.0,3
517.0,0.0,1.5,1.0,3.0,0.0,38.0,0.1,97.0,7.0,4.0,680.0,1138.0,2747.0,11.0,5.0,2.0,0.0,1.0,1.0,2
1806.0,0.0,1.1,0.0,2.0,1.0,64.0,0.3,133.0,5.0,7.0,280.0,683.0,1809.0,7.0,6.0,6.0,1.0,1.0,1.0,1
1348.0,0.0,0.8,0.0,6.0,1.0,50.0,0.1,123.0,4.0,11.0,565.0,1443.0,2086.0,12.0,8.0,20.0,1.0,0.0,0.0,2
1455.0,0.0,1.4,0.0,0.0,0.0,16.0,0.4,164.0,1.0,1.0,1379.0,1673.0,444.0,14.0,2.0,7.0,0.0,1.0,0.0,0
1611.0,0.0,1.7,1.0,5.0,0.0,25.0,0.6,92.0,5.0,18.0,949.0,1297.0,3467.0,9.0,1.0,8.0,1.0,1.0,1.0,3
1573.0,1.0,3.0,1.0,3.0,1.0,24.0,1.0,125.0,8.0,5.0,703.0,911.0,2776.0,5.0,3.0,17.0,1.0,1.0,1.0,2
557.0,0.0,0.5,0.0,0.0,1.0,23.0,0.5,197.0,5.0,1.0,1264.0,1682.0,3170.0,12.0,2.0,7.0,1.0,1.0,0.0,2
1599.0,1.0,0.5,0.0,4.0,0.0,31.0,0.1,130.0,2.0,5.0,1816.0,1917.0,1234.0,11.0,10.0,9.0,0.0,1.0,0.0,2
1051.0,1.0,0.9,1.0,0.0,0.0,16.0,0.1,100.0,7.0,9.0,108.0,894.0,305.0,12.0,0.0,3.0,1.0,1.0,1.0,0
1857.0,1.0,1.4,1.0,0.0,0.0,14.0,0.9,102.0,2.0,0.0,1328.0,1743.0,1745.0,15.0,10.0,20.0,0.0,0.0,0.0,2
1986.0,0.0,0.5,0.0,6.0,0.0,24.0,0.9,174.0,6.0,9.0,797.0,1061.0,1707.0,5.0,3.0,12.0,1.0,0.0,1.0,2
591.0,1.0,0.7,0.0,1.0,0.0,21.0,0.1,185.0,6.0,7.0,361.0,555.0,2220.0,11.0,10.0,13.0,1.0,1.0,0.0,1
1140.0,0.0,1.6,1.0,0.0,1.0,56.0,0.3,131.0,7.0,4.0,1049.0,1715.0,3130.0,6.0,5.0,9.0,1.0,0.0,1.0,3
923.0,1.0,0.6,0.0,0.0,1.0,10.0,0.8,80.0,2.0,3.0,357.0,1718.0,1500.0,18.0,9.0,9.0,1.0,1.0,0.0,1
1582.0,0.0,0.5,0.0,0.0,0.0,33.0,0.4,200.0,1.0,9.0,197.0,764.0,2145.0,9.0,7.0,18.0,1.0,1.0,1.0,1
723.0,0.0,0.5,0.0,5.0,0.0,63.0,0.5,172.0,8.0,14.0,906.0,1801.0,488.0,5.0,0.0,8.0,1.0,0.0,1.0,0
1251.0,1.0,3.0,1.0,3.0,1.0,54.0,0.8,83.0,5.0,4.0,806.0,1405.0,3863.0,6.0,1.0,14.0,1.0,1.0,0.0,3
574.0,1.0,1.0,1.0,4.0,1.0,60.0,0.1,139.0,2.0,7.0,924.0,1498.0,2913.0,14.0,0.0,9.0,1.0,0.0,0.0,2
948.0,1.0,0.5,1.0,5.0,1.0,60.0,0.2,116.0,2.0,10.0,223.0,1148.0,2094.0,12.0,7.0,15.0,1.0,1.0,1.0,1
1571.0,0.0,2.8,1.0,4.0,0.0,44.0,0.4,194.0,5.0,5.0,140.0,718.0,3141.0,8.0,1.0,17.0,0.0,0.0,1.0,2
564.0,1.0,0.5,0.0,2.0,0.0,33.0,0.6,192.0,1.0,6.0,113.0,863.0,2573.0,13.0,6.0,2.0,0.0,1.0,1.0,1
1466.0,0.0,2.4,1.0,14.0,1.0,57.0,0.9,155.0,6.0,18.0,1531.0,1727.0,2340.0,18.0,15.0,4.0,1.0,1.0,0.0,2
597.0,1.0,3.0,1.0,0.0,0.0,16.0,0.5,140.0,2.0,0.0,35.0,708.0,3788.0,12.0,0.0,5.0,0.0,0.0,1.0,2
895.0,1.0,2.5,1.0,10.0,1.0,9.0,0.5,148.0,7.0,14.0,1524.0,1691.0,3445.0,11.0,5.0,15.0,1.0,0.0,0.0,3
1535.0,0.0,2.5,1.0,13.0,1.0,37.0,1.0,82.0,4.0,16.0,838.0,1667.0,3241.0,6.0,0.0,15.0,1.0,0.0,1.0,3
1832.0,1.0,0.7,0.0,7.0,0.0,44.0,0.3,125.0,2.0,17.0,495.0,596.0,2976.0,19.0,3.0,9.0,0.0,0.0,0.0,3
1045.0,1.0,1.6,0.0,0.0,1.0,58.0,0.2,177.0,4.0,12.0,1212.0,1772.0,2241.0,19.0,15.0,11.0,1.0,1.0,0.0,2
1483.0,1.0,0.8,0.0,4.0,1.0,61.0,0.6,128.0,1.0,10.0,655.0,814.0,3843.0,11.0,8.0,20.0,1.0,0.0,1.0,3
976.0,0.0,2.0,0.0,0.0,1.0,5.0,0.9,184.0,7.0,14.0,496.0,797.0,3261.0,8.0,2.0,6.0,1.0,1.0,1.0,2
1840.0,1.0,1.1,1.0,0.0,0.0,46.0,0.1,123.0,4.0,2.0,800.0,1521.0,3264.0,8.0,4.0,16.0,0.0,1.0,0.0,3
1807.0,0.0,0.6,1.0,0.0,0.0,8.0,0.1,89.0,8.0,15.0,1010.0,1425.0,826.0,11.0,1.0,20.0,0.0,0.0,0.0,1
624.0,1.0,1.6,1.0,14.0,0.0,30.0,0.1,192.0,2.0,16.0,102.0,1052.0,1314.0,16.0,1.0,10.0,0.0,1.0,1.0,0
1963.0,0.0,0.5,0.0,7.0,1.0,38.0,0.4,193.0,3.0,15.0,948.0,1406.0,2699.0,7.0,0.0,10.0,1.0,1.0,0.0,3
1307.0,1.0,0.5,0.0,0.0,1.0,4.0,0.3,132.0,4.0,1.0,82.0,1236.0,2565.0,8.0,4.0,19.0,1.0,1.0,1.0,2
1933.0,1.0,0.5,1.0,6.0,0.0,23.0,0.1,102.0,7.0,7.0,1286.0,1846.0,3973.0,13.0,10.0,19.0,0.0,0.0,1.0,3
1496.0,1.0,1.3,1.0,0.0,0.0,42.0,0.9,124.0,2.0,5.0,264.0,995.0,3537.0,15.0,14.0,6.0,1.0,0.0,0.0,3
1532.0,1.0,2.0,0.0,0.0,0.0,7.0,0.2,134.0,2.0,10.0,75.0,834.0,3449.0,5.0,4.0,7.0,1.0,1.0,1.0,3
1004.0,0.0,1.1,1.0,7.0,1.0,8.0,0.8,97.0,2.0,9.0,461.0,919.0,3895.0,14.0,13.0,20.0,1.0,1.0,0.0,3
1483.0,1.0,1.2,1.0,10.0,1.0,38.0,0.1,87.0,5.0,14.0,321.0,1410.0,2777.0,17.0,9.0,16.0,1.0,1.0,0.0,2
945.0,0.0,2.4,0.0,3.0,0.0,47.0,0.4,141.0,2.0,11.0,120.0,1341.0,2904.0,19.0,14.0,5.0,0.0,0.0,0.0,2
1081.0,0.0,3.0,0.0,7.0,1.0,17.0,0.1,89.0,5.0,17.0,174.0,1683.0,3774.0,17.0,15.0,16.0,1.0,1.0,0.0,3
1012.0,0.0,2.8,1.0,6.0,1.0,32.0,0.9,87.0,3.0,14.0,1341.0,1997.0,3034.0,17.0,5.0,10.0,1.0,1.0,0.0,3
1762.0,0.0,1.0,0.0,5.0,0.0,50.0,0.9,104.0,3.0,12.0,1337.0,1684.0,2940.0,19.0,18.0,15.0,0.0,0.0,1.0,3
796.0,1.0,2.3,1.0,1.0,1.0,36.0,0.3,127.0,8.0,14.0,494.0,935.0,3932.0,5.0,1.0,5.0,1.0,1.0,1.0,3
1547.0,0.0,2.5,0.0,12.0,1.0,50.0,1.0,98.0,5.0,16.0,849.0,1024.0,1168.0,17.0,2.0,17.0,1.0,1.0,1.0,1
988.0,0.0,1.6,0.0,6.0,1.0,12.0,0.8,132.0,4.0,8.0,644.0,1291.0,376.0,9.0,1.0,17.0,1.0,0.0,1.0,0
1180.0,1.0,3.0,0.0,7.0,1.0,43.0,0.8,102.0,1.0,16.0,1557.0,1985.0,3510.0,9.0,5.0,13.0,1.0,1.0,1.0,3
852.0,1.0,1.9,0.0,3.0,1.0,3.0,0.5,161.0,2.0,4.0,376.0,872.0,542.0,14.0,9.0,9.0,1.0,0.0,1.0,0
607.0,1.0,0.8,0.0,1.0,1.0,18.0,0.2,146.0,7.0,3.0,151.0,532.0,550.0,12.0,1.0,12.0,1.0,0.0,1.0,0
1765.0,0.0,0.5,0.0,0.0,0.0,24.0,0.4,135.0,1.0,0.0,450.0,830.0,791.0,5.0,1.0,4.0,1.0,0.0,1.0,0
1250.0,0.0,0.5,0.0,18.0,0.0,63.0,0.7,165.0,1.0,19.0,1336.0,1532.0,1895.0,13.0,6.0,7.0,0.0,1.0,0.0,2
1577.0,0.0,2.6,1.0,0.0,0.0,55.0,0.5,109.0,5.0,0.0,1411.0,1718.0,609.0,6.0,0.0,20.0,1.0,1.0,1.0,1
1153.0,1.0,0.5,1.0,5.0,0.0,14.0,0.2,135.0,5.0,6.0,742.0,1236.0,263.0,19.0,10.0,14.0,1.0,0.0,1.0,0
651.0,1.0,0.7,0.0,0.0,0.0,35.0,0.4,113.0,7.0,5.0,1046.0,1414.0,2141.0,13.0,4.0,19.0,1.0,1.0,1.0,1
1186.0,1.0,2.3,1.0,1.0,0.0,25.0,0.1,88.0,4.0,7.0,85.0,1012.0,1270.0,18.0,9.0,17.0,0.0,1.0,0.0,0
1429.0,1.0,2.5,0.0,6.0,0.0,33.0,0.1,121.0,5.0,7.0,889.0,1846.0,403.0,11.0,6.0,18.0,1.0,1.0,1.0,0
556.0,0.0,0.9,0.0,4.0,1.0,10.0,0.8,135.0,8.0,12.0,182.0,688.0,2040.0,13.0,12.0,2.0,1.0,0.0,0.0,1
1735.0,1.0,2.7,0.0,5.0,1.0,21.0,0.1,126.0,3.0,8.0,282.0,1261.0,2597.0,16.0,12.0,8.0,1.0,0.0,1.0,2
1859.0,0.0,0.7,0.0,8.0,1.0,42.0,0.1,127.0,2.0,16.0,1168.0,1612.0,714.0,19.0,7.0,16.0,1.0,0.0,1.0,1
915.0,0.0,1.3,0.0,3.0,0.0,10.0,0.1,188.0,2.0,5.0,74.0,1266.0,423.0,13.0,3.0,14.0,0.0,1.0,1.0,0
890.0,0.0,0.5,0.0,5.0,0.0,9.0,0.4,113.0,1.0,10.0,457.0,1134.0,1238.0,6.0,2.0,17.0,0.0,0.0,1.0,0
758.0,0.0,2.8,0.0,13.0,0.0,48.0,0.7,101.0,3.0,18.0,1842.0,1896.0,926.0,9.0,5.0,18.0,0.0,0.0,0.0,1
541.0,0.0,2.1,0.0,0.0,1.0,28.0,0.4,156.0,7.0,4.0,103.0,1039.0,2704.0,14.0,0.0,5.0,1.0,1.0,0.0,1
586.0,0.0,2.9,1.0,6.0,1.0,33.0,0.2,195.0,8.0,17.0,1470.0,1644.0,2817.0,5.0,2.0,5.0,1.0,1.0,1.0,2
762.0,1.0,0.6,1.0,11.0,1.0,39.0,0.7,164.0,1.0,14.0,1065.0,1686.0,2271.0,12.0,7.0,8.0,1.0,1.0,0.0,2
683.0,0.0,0.5,1.0,0.0,1.0,9.0,0.8,186.0,7.0,3.0,1466.0,1754.0,1513.0,6.0,5.0,19.0,1.0,0.0,0.0,1
1526.0,0.0,0.7,1.0,10.0,0.0,39.0,0.4,125.0,3.0,20.0,563.0,1439.0,339.0,10.0,9.0,19.0,1.0,0.0,1.0,0
1771.0,1.0,2.4,0.0,6.0,0.0,39.0,0.7,188.0,2.0,9.0,460.0,1203.0,794.0,9.0,1.0,16.0,1.0,1.0,1.0,0
639.0,0.0,1.3,0.0,5.0,0.0,28.0,0.9,113.0,7.0,16.0,983.0,1369.0,391.0,6.0,2.0,12.0,0.0,0.0,1.0,0
1783.0,1.0,0.9,0.0,7.0,1.0,23.0,0.9,137.0,2.0,8.0,1114.0,1953.0,541.0,9.0,5.0,11.0,1.0,1.0,0.0,1
1933.0,0.0,1.2,0.0,16.0,1.0,55.0,0.2,166.0,5.0,20.0,729.0,1248.0,648.0,10.0,7.0,13.0,1.0,1.0,0.0,0
1384.0,0.0,1.3,1.0,3.0,1.0,62.0,0.4,153.0,1.0,5.0,1240.0,1393.0,3386.0,19.0,1.0,2.0,1.0,1.0,0.0,3
1770.0,0.0,2.6,0.0,12.0,0.0,26.0,0.5,80.0,1.0,17.0,98.0,1724.0,1651.0,18.0,6.0,14.0,0.0,0.0,0.0,1
1202.0,0.0,0.8,0.0,2.0,0.0,49.0,0.5,131.0,1.0,8.0,197.0,1435.0,1177.0,15.0,13.0,7.0,1.0,1.0,1.0,0
885.0,0.0,0.5,1.0,2.0,0.0,3.0,0.5,163.0,7.0,8.0,813.0,1666.0,2887.0,5.0,1.0,13.0,0.0,0.0,1.0,2
1629.0,1.0,2.3,0.0,2.0,1.0,2.0,0.8,86.0,6.0,19.0,1055.0,1200.0,2178.0,19.0,10.0,18.0,1.0,1.0,0.0,2
1072.0,1.0,0.5,1.0,6.0,1.0,4.0,0.5,92.0,1.0,12.0,1019.0,1640.0,2878.0,7.0,5.0,13.0,1.0,0.0,1.0,3
1863.0,1.0,2.5,1.0,0.0,0.0,64.0,0.7,89.0,5.0,1.0,159.0,618.0,3201.0,5.0,4.0,19.0,1.0,1.0,0.0,3
1739.0,0.0,2.3,1.0,1.0,0.0,51.0,0.4,140.0,4.0,15.0,406.0,691.0,1490.0,5.0,1.0,9.0,0.0,1.0,1.0,1
895.0,1.0,2.5,0.0,2.0,0.0,23.0,0.5,98.0,5.0,3.0,26.0,663.0,2724.0,16.0,14.0,7.0,0.0,0.0,0.0,2
1278.0,1.0,2.8,1.0,0.0,0.0,56.0,0.6,179.0,1.0,7.0,406.0,1698.0,3032.0,9.0,5.0,6.0,0.0,0.0,1.0,2
562.0,1.0,1.1,1.0,1.0,1.0,43.0,0.3,141.0,6.0,17.0,918.0,991.0,3352.0,13.0,12.0,17.0,1.0,1.0,0.0,2
1249.0,1.0,2.1,1.0,0.0,0.0,38.0,0.8,193.0,5.0,10.0,940.0,1290.0,3195.0,19.0,7.0,17.0,0.0,0.0,0.0,3
1811.0,0.0,1.2,0.0,18.0,1.0,25.0,0.8,185.0,6.0,19.0,1411.0,1443.0,1677.0,10.0,6.0,2.0,1.0,1.0,0.0,2
560.0,1.0,2.9,1.0,1.0,1.0,12.0,1.0,161.0,5.0,19.0,465.0,1797.0,2620.0,13.0,0.0,16.0,1.0,1.0,1.0,2
1773.0,1.0,0.5,0.0,14.0,1.0,61.0,0.1,141.0,7.0,20.0,847.0,1562.0,1061.0,17.0,4.0,15.0,1.0,0.0,1.0,1
1715.0,1.0,2.1,0.0,5.0,0.0,11.0,0.4,100.0,3.0,10.0,314.0,1276.0,1018.0,16.0,5.0,8.0,1.0,1.0,1.0,1
725.0,0.0,0.5,1.0,0.0,1.0,26.0,0.8,176.0,5.0,1.0,829.0,960.0,1370.0,7.0,6.0,9.0,1.0,1.0,1.0,0
800.0,1.0,2.2,0.0,5.0,1.0,41.0,0.1,103.0,6.0,9.0,185.0,1008.0,2094.0,17.0,16.0,6.0,1.0,0.0,1.0,1
1300.0,0.0,0.5,0.0,6.0,1.0,43.0,0.1,156.0,3.0,12.0,589.0,1815.0,2790.0,15.0,4.0,19.0,1.0,0.0,0.0,2
1001.0,0.0,0.8,0.0,0.0,0.0,48.0,1.0,98.0,5.0,0.0,471.0,655.0,1485.0,10.0,2.0,11.0,1.0,1.0,1.0,0
500.0,0.0,1.3,1.0,13.0,0.0,64.0,0.9,134.0,4.0,17.0,1384.0,1912.0,2807.0,19.0,7.0,7.0,0.0,0.0,1.0,2
1378.0,1.0,2.5,1.0,4.0,1.0,52.0,0.5,184.0,3.0,7.0,13.0,641.0,3528.0,5.0,1.0,7.0,1.0,0.0,0.0,3
951.0,1.0,2.4,0.0,1.0,1.0,24.0,0.1,147.0,8.0,20.0,897.0,1964.0,3391.0,19.0,4.0,7.0,1.0,0.0,0.0,3
1038.0,1.0,0.5,1.0,1.0,0.0,48.0,0.2,99.0,6.0,2.0,83.0,1103.0,1073.0,5.0,4.0,2.0,0.0,0.0,1.0,0
987.0,1.0,1.2,1.0,1.0,0.0,20.0,0.9,108.0,6.0,5.0,237.0,1427.0,2811.0,7.0,4.0,17.0,1.0,0.0,0.0,2
1698.0,0.0,0.5,0.0,6.0,1.0,21.0,0.1,196.0,7.0,7.0,614.0,1254.0,778.0,7.0,3.0,3.0,1.0,1.0,1.0,0
1762.0,1.0,0.9,1.0,14.0,0.0,11.0,0.1,107.0,4.0,17.0,647.0,801.0,3628.0,9.0,3.0,10.0,0.0,0.0,1.0,3
785.0,0.0,2.4,0.0,6.0,0.0,16.0,0.2,135.0,3.0,13.0,223.0,1366.0,2637.0,12.0,8.0,16.0,0.0,0.0,0.0,2
1851.0,0.0,2.4,1.0,2.0,0.0,59.0,0.1,151.0,3.0,18.0,278.0,1198.0,2892.0,10.0,0.0,5.0,1.0,1.0,0.0,3
1698.0,0.0,0.5,1.0,2.0,0.0,62.0,0.4,189.0,3.0,13.0,1459.0,1565.0,2805.0,11.0,2.0,19.0,0.0,0.0,1.0,3
1976.0,0.0,2.8,0.0,0.0,0.0,4.0,0.8,93.0,8.0,1.0,1146.0,1436.0,804.0,5.0,1.0,14.0,0.0,1.0,0.0,1
1649.0,1.0,0.5,0.0,4.0,1.0,53.0,0.4,162.0,4.0,11.0,261.0,1316.0,361.0,12.0,7.0,19.0,1.0,1.0,1.0,0
1157.0,1.0,2.6,1.0,4.0,0.0,4.0,0.9,149.0,7.0,6.0,878.0,1737.0,1453.0,17.0,10.0,9.0,1.0,0.0,0.0,1
1702.0,0.0,0.5,0.0,1.0,1.0,54.0,0.4,131.0,5.0,2.0,1112.0,1578.0,359.0,13.0,12.0,5.0,1.0,1.0,0.0,0
1040.0,1.0,0.6,0.0,0.0,0.0,54.0,0.3,199.0,2.0,5.0,458.0,959.0,3886.0,15.0,5.0,20.0,0.0,1.0,1.0,3
790.0,1.0,2.1,1.0,2.0,1.0,29.0,0.7,106.0,6.0,11.0,521.0,1996.0,557.0,11.0,2.0,2.0,1.0,1.0,1.0,0
1429.0,0.0,2.9,0.0,2.0,0.0,58.0,0.2,128.0,4.0,3.0,417.0,983.0,2005.0,15.0,1.0,9.0,0.0,1.0,0.0,1
739.0,1.0,3.0,0.0,14.0,0.0,56.0,0.7,103.0,8.0,20.0,134.0,1696.0,630.0,17.0,2.0,11.0,1.0,0.0,0.0,0
1364.0,1.0,1.6,1.0,6.0,1.0,44.0,0.1,174.0,7.0,8.0,615.0,1142.0,2741.0,9.0,3.0,18.0,1.0,0.0,1.0,2
1580.0,0.0,2.8,1.0,0.0,0.0,45.0,1.0,196.0,8.0,7.0,1017.0,1092.0,2214.0,12.0,9.0,19.0,0.0,0.0,1.0,2
1384.0,1.0,2.2,1.0,0.0,0.0,49.0,0.7,189.0,1.0,0.0,725.0,1741.0,1387.0,13.0,3.0,13.0,1.0,1.0,1.0,1
1037.0,0.0,2.9,1.0,2.0,0.0,57.0,0.7,83.0,6.0,5.0,749.0,965.0,3148.0,16.0,13.0,9.0,1.0,0.0,0.0,3
1519.0,0.0,1.5,0.0,12.0,0.0,43.0,0.1,183.0,1.0,14.0,868.0,1637.0,853.0,5.0,0.0,7.0,0.0,1.0,1.0,0
989.0,0.0,0.5,0.0,15.0,0.0,20.0,0.4,153.0,1.0,16.0,68.0,947.0,3614.0,17.0,5.0,10.0,1.0,1.0,0.0,3
1040.0,1.0,0.5,1.0,3.0,0.0,41.0,0.8,116.0,3.0,18.0,299.0,608.0,1006.0,12.0,7.0,18.0,0.0,0.0,1.0,0
1240.0,1.0,1.4,0.0,3.0,1.0,9.0,0.9,93.0,5.0,7.0,477.0,1319.0,3959.0,14.0,9.0,15.0,1.0,0.0,0.0,3
1273.0,1.0,2.0,0.0,15.0,1.0,7.0,0.9,143.0,1.0,16.0,288.0,706.0,1743.0,12.0,7.0,13.0,1.0,1.0,0.0,1
1784.0,0.0,0.5,0.0,8.0,0.0,28.0,0.3,171.0,4.0,9.0,1145.0,1680.0,2192.0,15.0,13.0,2.0,1.0,0.0,0.0,2
1169.0,1.0,1.4,1.0,7.0,1.0,51.0,0.1,177.0,7.0,19.0,515.0,720.0,329.0,14.0,6.0,13.0,1.0,0.0,1.0,0
703.0,1.0,2.4,0.0,1.0,1.0,27.0,0.1,138.0,1.0,6.0,47.0,1820.0,502.0,12.0,4.0,11.0,1.0,1.0,1.0,0
959.0,1.0,1.0,0.0,5.0,1.0,15.0,0.4,119.0,5.0,9.0,121.0,934.0,3000.0,15.0,0.0,15.0,1.0,1.0,1.0,2
1292.0,1.0,3.0,1.0,1.0,1.0,63.0,0.3,157.0,6.0,8.0,452.0,1309.0,1413.0,13.0,2.0,10.0,1.0,1.0,1.0,1
1927.0,1.0,2.1,0.0,0.0,0.0,5.0,0.9,139.0,6.0,1.0,603.0,1228.0,2913.0,15.0,10.0,8.0,0.0,0.0,0.0,3
1477.0,1.0,1.7,0.0,1.0,0.0,15.0,0.4,178.0,8.0,5.0,1381.0,1459.0,2684.0,18.0,13.0,8.0,1.0,1.0,1.0,3
1759.0,0.0,0.5,1.0,9.0,0.0,58.0,0.2,101.0,2.0,12.0,510.0,615.0,3428.0,17.0,0.0,9.0,1.0,1.0,0.0,3
831.0,0.0,2.2,0.0,0.0,1.0,31.0,0.3,197.0,3.0,1.0,1460.0,1591.0,1629.0,8.0,1.0,5.0,1.0,1.0,0.0,1
1803.0,0.0,1.1,1.0,1.0,1.0,41.0,0.2,146.0,2.0,10.0,102.0,613.0,1873.0,14.0,1.0,20.0,1.0,1.0,1.0,1
1361.0,0.0,0.6,0.0,0.0,1.0,64.0,1.0,91.0,3.0,2.0,174.0,574.0,3751.0,18.0,6.0,19.0,1.0,1.0,0.0,3
1183.0,1.0,1.4,0.0,1.0,0.0,32.0,0.8,197.0,1.0,4.0,884.0,1475.0,637.0,12.0,6.0,16.0,0.0,0.0,1.0,0
917.0,1.0,1.3,0.0,0.0,0.0,53.0,0.2,166.0,5.0,1.0,750.0,1339.0,603.0,12.0,6.0,7.0,1.0,0.0,1.0,0
1278.0,1.0,0.5,1.0,2.0,0.0,7.0,1.0,192.0,5.0,3.0,319.0,587.0,3067.0,10.0,2.0,4.0,1.0,1.0,1.0,2
1247.0,1.0,0.5,0.0,0.0,0.0,28.0,0.4,191.0,7.0,5.0,901.0,1447.0,3268.0,16.0,3.0,15.0,0.0,1.0,0.0,3
930.0,0.0,1.0,1.0,5.0,1.0,40.0,0.8,128.0,7.0,15.0,775.0,1224.0,3816.0,13.0,0.0,2.0,1.0,1.0,1.0,3
1019.0,0.0,1.7,1.0,0.0,1.0,5.0,0.7,177.0,3.0,8.0,889.0,1840.0,1850.0,10.0,5.0,11.0,1.0,0.0,1.0,1
1855.0,1.0,0.8,0.0,0.0,1.0,26.0,0.8,161.0,4.0,0.0,986.0,1339.0,3481.0,8.0,7.0,19.0,1.0,1.0,1.0,3
1730.0,0.0,0.5,1.0,4.0,0.0,54.0,0.7,93.0,3.0,7.0,283.0,1151.0,1695.0,19.0,5.0,17.0,0.0,1.0,0.0,1
1972.0,0.0,2.2,1.0,4.0,1.0,5.0,0.9,95.0,3.0,19.0,955.0,1781.0,625.0,10.0,1.0,10.0,1.0,1.0,1.0,1
1887.0,0.0,2.3,1.0,4.0,0.0,35.0,0.9,115.0,2.0,7.0,178.0,1275.0,3203.0,7.0,5.0,15.0,1.0,0.0,0.0,3
1590.0,0.0,1.9,0.0,0.0,0.0,13.0,0.4,111.0,6.0,1.0,759.0,1187.0,2440.0,19.0,0.0,3.0,1.0,0.0,1.0,2
603.0,1.0,2.7,0.0,0.0,1.0,42.0,0.2,135.0,8.0,0.0,746.0,754.0,1934.0,14.0,10.0,11.0,1.0,0.0,0.0,1
560.0,1.0,2.1,0.0,11.0,1.0,37.0,0.6,121.0,4.0,14.0,237.0,551.0,3278.0,15.0,9.0,7.0,1.0,1.0,0.0,2
1981.0,1.0,1.6,1.0,10.0,0.0,34.0,0.1,117.0,5.0,20.0,929.0,1552.0,3764.0,11.0,4.0,14.0,1.0,0.0,1.0,3
1190.0,1.0,2.1,0.0,0.0,1.0,18.0,0.6,160.0,6.0,2.0,644.0,1070.0,3571.0,6.0,5.0,5.0,1.0,0.0,0.0,3
1396.0,1.0,0.8,1.0,7.0,1.0,10.0,0.3,108.0,4.0,16.0,646.0,1721.0,3881.0,13.0,0.0,9.0,1.0,1.0,1.0,3
1598.0,1.0,1.7,1.0,0.0,0.0,57.0,0.9,89.0,1.0,1.0,371.0,783.0,1663.0,14.0,9.0,14.0,1.0,0.0,1.0,1
1692.0,0.0,2.2,0.0,5.0,1.0,11.0,0.1,151.0,3.0,7.0,1256.0,1386.0,524.0,5.0,2.0,10.0,1.0,1.0,0.0,0
628.0,1.0,0.5,0.0,0.0,1.0,26.0,0.5,106.0,8.0,2.0,389.0,517.0,1853.0,13.0,10.0,12.0,1.0,1.0,1.0,1
1883.0,0.0,0.7,1.0,1.0,0.0,6.0,0.9,145.0,6.0,4.0,123.0,1320.0,2067.0,8.0,0.0,9.0,1.0,0.0,1.0,2
819.0,1.0,0.5,0.0,5.0,1.0,16.0,0.1,163.0,1.0,10.0,663.0,1788.0,3325.0,15.0,5.0,16.0,1.0,0.0,0.0,3
651.0,0.0,1.6,1.0,0.0,1.0,7.0,0.6,129.0,1.0,6.0,1268.0,1423.0,2151.0,19.0,10.0,20.0,1.0,1.0,1.0,1
723.0,0.0,1.1,0.0,2.0,0.0,27.0,0.7,145.0,2.0,9.0,98.0,1175.0,2044.0,13.0,6.0,11.0,0.0,1.0,0.0,1
1367.0,1.0,0.9,0.0,2.0,1.0,58.0,0.6,184.0,4.0,20.0,721.0,1210.0,3946.0,16.0,9.0,9.0,1.0,0.0,0.0,3
1784.0,1.0,1.4,0.0,1.0,1.0,3.0,0.3,125.0,5.0,5.0,1424.0,1672.0,2110.0,10.0,5.0,8.0,1.0,0.0,1.0,2
1744.0,1.0,0.9,1.0,5.0,1.0,35.0,0.3,137.0,7.0,9.0,915.0,1554.0,656.0,17.0,4.0,7.0,1.0,0.0,0.0,1
1086.0,0.0,2.5,0.0,11.0,0.0,7.0,0.5,116.0,6.0,14.0,635.0,1839.0,3297.0,18.0,0.0,16.0,1.0,0.0,0.0,3
899.0,0.0,1.7,1.0,0.0,1.0,3.0,0.1,165.0,8.0,0.0,167.0,1239.0,1296.0,14.0,11.0,9.0,1.0,0.0,1.0,0
896.0,0.0,0.8,0.0,3.0,0.0,29.0,0.5,91.0,6.0,10.0,135.0,820.0,1650.0,16.0,6.0,13.0,1.0,0.0,0.0,1
1714.0,0.0,1.6,1.0,9.0,1.0,59.0,0.5,186.0,8.0,19.0,991.0,1274.0,2546.0,18.0,10.0,11.0,1.0,1.0,1.0,2
1395.0,1.0,0.6,0.0,5.0,0.0,38.0,0.3,167.0,6.0,16.0,896.0,1501.0,915.0,5.0,4.0,6.0,1.0,1.0,0.0,1
786.0,0.0,1.8,1.0,2.0,0.0,28.0,0.5,198.0,1.0,7.0,3.0,1058.0,331.0,14.0,2.0,2.0,1.0,0.0,1.0,0
1687.0,0.0,1.2,1.0,4.0,0.0,14.0,0.9,120.0,2.0,14.0,924.0,1461.0,3975.0,19.0,3.0,10.0,0.0,1.0,1.0,3
669.0,1.0,2.6,1.0,18.0,1.0,10.0,0.6,171.0,5.0,20.0,1300.0,1834.0,2801.0,6.0,2.0,10.0,1.0,0.0,0.0,2
1423.0,1.0,2.1,0.0,1.0,0.0,51.0,0.8,178.0,4.0,18.0,633.0,1371.0,3331.0,8.0,2.0,8.0,1.0,1.0,0.0,3
1600.0,0.0,2.0,1.0,5.0,0.0,44.0,0.1,98.0,1.0,8.0,735.0,1205.0,2939.0,8.0,3.0,19.0,1.0,1.0,1.0,3
1621.0,1.0,0.6,1.0,14.0,0.0,59.0,0.7,160.0,7.0,16.0,213.0,1120.0,2706.0,12.0,3.0,20.0,1.0,0.0,0.0,2
1672.0,1.0,1.9,0.0,10.0,0.0,37.0,0.3,194.0,7.0,15.0,495.0,839.0,1335.0,7.0,1.0,8.0,0.0,1.0,1.0,1
1934.0,0.0,2.7,0.0,9.0,1.0,48.0,0.1,128.0,4.0,18.0,475.0,853.0,3370.0,7.0,6.0,2.0,1.0,0.0,1.0,3
1650.0,1.0,0.6,0.0,0.0,0.0,62.0,0.3,81.0,3.0,15.0,1305.0,1918.0,2596.0,5.0,2.0,10.0,0.0,0.0,0.0,3
1700.0,0.0,0.5,1.0,1.0,0.0,33.0,0.8,189.0,5.0,2.0,382.0,1151.0,2477.0,9.0,8.0,3.0,0.0,0.0,1.0,2
1550.0,1.0,2.0,0.0,1.0,1.0,29.0,0.6,171.0,5.0,2.0,572.0,1499.0,3465.0,10.0,1.0,14.0,1.0,1.0,0.0,3
626.0,0.0,1.9,0.0,4.0,0.0,8.0,0.2,185.0,2.0,6.0,16.0,1410.0,2589.0,15.0,10.0,14.0,0.0,1.0,1.0,1
1737.0,1.0,2.0,1.0,0.0,0.0,14.0,0.4,156.0,5.0,2.0,1028.0,1757.0,2363.0,8.0,0.0,10.0,1.0,0.0,1.0,2
1370.0,0.0,1.7,0.0,1.0,0.0,6.0,0.7,113.0,1.0,7.0,482.0,1689.0,1302.0,7.0,3.0,3.0,0.0,0.0,1.0,1
1899.0,1.0,0.8,1.0,15.0,0.0,14.0,0.4,191.0,4.0,16.0,1200.0,1345.0,1677.0,5.0,1.0,14.0,0.0,0.0,1.0,2
848.0,1.0,0.6,0.0,0.0,0.0,31.0,0.7,123.0,5.0,1.0,299.0,756.0,1108.0,15.0,6.0,18.0,1.0,1.0,0.0,0
1430.0,1.0,2.0,1.0,0.0,1.0,16.0,0.2,171.0,4.0,1.0,696.0,757.0,2916.0,6.0,3.0,10.0,1.0,1.0,0.0,2
768.0,1.0,0.5,1.0,1.0,0.0,45.0,0.1,175.0,4.0,16.0,1164.0,1376.0,3947.0,6.0,1.0,12.0,1.0,1.0,0.0,3
1856.0,1.0,1.9,1.0,9.0,1.0,15.0,0.5,160.0,3.0,14.0,450.0,714.0,1514.0,7.0,1.0,13.0,1.0,1.0,0.0,1
900.0,1.0,0.5,0.0,11.0,1.0,64.0,0.7,149.0,4.0,12.0,164.0,708.0,942.0,13.0,5.0,2.0,1.0,1.0,0.0,0
1729.0,0.0,2.3,1.0,0.0,0.0,38.0,0.2,136.0,7.0,8.0,77.0,1910.0,700.0,8.0,2.0,7.0,1.0,1.0,1.0,0
1533.0,1.0,2.8,0.0,3.0,0.0,42.0,0.2,87.0,1.0,13.0,1316.0,1618.0,3246.0,10.0,2.0,8.0,0.0,1.0,0.0,3
1210.0,1.0,2.3,0.0,0.0,0.0,63.0,0.9,141.0,6.0,4.0,51.0,1761.0,977.0,14.0,6.0,20.0,1.0,0.0,0.0,0
1880.0,1.0,1.8,1.0,1.0,1.0,10.0,0.5,198.0,8.0,4.0,1664.0,1708.0,3538.0,19.0,16.0,17.0,1.0,0.0,1.0,3
996.0,0.0,0.5,1.0,14.0,0.0,61.0,0.8,174.0,7.0,15.0,400.0,989.0,1235.0,11.0,10.0,16.0,1.0,1.0,1.0,0
1175.0,0.0,3.0,1.0,12.0,1.0,40.0,0.1,172.0,5.0,18.0,812.0,1251.0,1507.0,15.0,14.0,18.0,1.0,1.0,0.0,1
1773.0,0.0,0.5,1.0,7.0,0.0,33.0,0.3,143.0,5.0,13.0,831.0,1170.0,1994.0,16.0,9.0,20.0,1.0,0.0,0.0,2
1263.0,0.0,2.4,1.0,11.0,1.0,54.0,0.6,100.0,5.0,14.0,12.0,1857.0,458.0,12.0,5.0,15.0,1.0,0.0,0.0,0
1956.0,0.0,1.2,1.0,10.0,1.0,5.0,0.8,156.0,4.0,11.0,870.0,1753.0,2130.0,7.0,3.0,10.0,1.0,1.0,1.0,2
992.0,0.0,1.6,1.0,10.0,0.0,27.0,0.3,162.0,4.0,14.0,106.0,767.0,3894.0,15.0,9.0,13.0,1.0,0.0,1.0,3
911.0,1.0,1.7,0.0,1.0,1.0,13.0,0.3,126.0,5.0,2.0,713.0,760.0,1843.0,13.0,6.0,11.0,1.0,0.0,1.0,1
1979.0,0.0,0.5,1.0,15.0,0.0,54.0,0.3,136.0,3.0,19.0,669.0,1311.0,3151.0,12.0,1.0,20.0,1.0,1.0,1.0,3
1899.0,0.0,0.5,1.0,0.0,1.0,55.0,0.3,93.0,4.0,0.0,1359.0,1981.0,1796.0,7.0,4.0,11.0,1.0,0.0,1.0,2
1649.0,1.0,0.8,1.0,1.0,1.0,40.0,0.1,159.0,3.0,3.0,177.0,586.0,2755.0,15.0,9.0,3.0,1.0,0.0,1.0,2
1095.0,1.0,1.8,1.0,9.0,0.0,47.0,0.3,152.0,6.0,15.0,354.0,1827.0,1334.0,12.0,2.0,12.0,0.0,0.0,1.0,1
1074.0,0.0,0.7,0.0,0.0,1.0,61.0,0.6,117.0,4.0,11.0,305.0,1770.0,2791.0,7.0,1.0,12.0,1.0,0.0,1.0,2
656.0,0.0,2.7,1.0,0.0,1.0,48.0,0.2,164.0,2.0,0.0,303.0,508.0,1132.0,5.0,0.0,14.0,1.0,0.0,0.0,0
1394.0,1.0,2.7,1.0,7.0,0.0,8.0,0.8,150.0,3.0,9.0,215.0,1018.0,730.0,15.0,7.0,4.0,0.0,1.0,1.0,0
1632.0,1.0,1.1,0.0,2.0,1.0,45.0,0.8,132.0,4.0,3.0,22.0,1256.0,379.0,18.0,13.0,19.0,1.0,0.0,0.0,0
1225.0,0.0,2.9,0.0,13.0,0.0,35.0,0.5,128.0,3.0,17.0,1324.0,1490.0,1261.0,12.0,4.0,15.0,0.0,0.0,0.0,1
1337.0,1.0,2.4,1.0,0.0,0.0,48.0,0.9,107.0,6.0,2.0,819.0,1129.0,3213.0,10.0,5.0,15.0,0.0,0.0,0.0,3
1178.0,1.0,1.1,1.0,0.0,1.0,11.0,0.5,98.0,2.0,1.0,1549.0,1661.0,2106.0,17.0,10.0,4.0,1.0,0.0,1.0,2
1269.0,0.0,1.5,1.0,1.0,0.0,51.0,0.7,180.0,4.0,19.0,410.0,1782.0,827.0,15.0,6.0,12.0,1.0,1.0,0.0,0
1526.0,1.0,1.2,0.0,7.0,1.0,32.0,0.5,128.0,4.0,12.0,1152.0,1592.0,647.0,19.0,3.0,18.0,1.0,0.0,1.0,0
986.0,0.0,0.7,1.0,7.0,1.0,16.0,0.4,144.0,8.0,9.0,234.0,628.0,300.0,8.0,5.0,7.0,1.0,0.0,1.0,0
848.0,0.0,0.5,1.0,1.0,1.0,41.0,0.2,171.0,2.0,2.0,388.0,1015.0,3939.0,6.0,3.0,3.0,1.0,1.0,0.0,3
1904.0,1.0,0.5,1.0,8.0,0.0,14.0,0.5,95.0,4.0,13.0,636.0,828.0,2091.0,8.0,0.0,6.0,0.0,1.0,1.0,2
803.0,1.0,2.2,1.0,0.0,0.0,16.0,0.1,105.0,1.0,0.0,199.0,736.0,1492.0,17.0,12.0,18.0,1.0,0.0,0.0,0
1399.0,1.0,1.9,1.0,1.0,0.0,56.0,0.3,153.0,1.0,15.0,130.0,611.0,3128.0,17.0,2.0,19.0,1.0,1.0,0.0,2
788.0,1.0,1.5,1.0,0.0,1.0,22.0,0.5,163.0,4.0,6.0,1114.0,1732.0,3750.0,13.0,10.0,12.0,1.0,0.0,1.0,3
579.0,1.0,1.1,0.0,6.0,1.0,58.0,0.2,125.0,1.0,9.0,786.0,1685.0,1435.0,18.0,9.0,10.0,1.0,0.0,0.0,1
1010.0,0.0,0.7,1.0,4.0,1.0,28.0,0.5,195.0,8.0,5.0,117.0,841.0,3302.0,14.0,2.0,7.0,1.0,1.0,0.0,2
530.0,1.0,0.5,1.0,0.0,0.0,47.0,0.5,93.0,3.0,2.0,463.0,912.0,3455.0,19.0,8.0,2.0,1.0,1.0,1.0,2
1289.0,1.0,1.8,0.0,1.0,0.0,64.0,0.6,125.0,7.0,14.0,173.0,548.0,2782.0,9.0,3.0,14.0,0.0,0.0,1.0,2
1877.0,1.0,0.5,0.0,4.0,0.0,10.0,0.9,123.0,8.0,6.0,134.0,610.0,3969.0,6.0,0.0,7.0,0.0,0.0,1.0,3
1764.0,0.0,2.7,0.0,11.0,1.0,48.0,0.9,90.0,7.0,17.0,444.0,581.0,1589.0,19.0,10.0,20.0,1.0,1.0,1.0,1
1709.0,0.0,2.2,1.0,1.0,1.0,13.0,0.6,191.0,6.0,6.0,74.0,516.0,3899.0,16.0,13.0,3.0,1.0,0.0,1.0,3
1690.0,0.0,1.3,1.0,0.0,0.0,28.0,0.9,85.0,3.0,1.0,1304.0,1332.0,3571.0,18.0,2.0,6.0,1.0,0.0,1.0,3
600.0,0.0,2.5,1.0,3.0,0.0,9.0,0.2,145.0,4.0,10.0,584.0,714.0,2800.0,17.0,6.0,5.0,0.0,1.0,0.0,2
743.0,0.0,0.5,0.0,9.0,1.0,53.0,0.3,149.0,2.0,10.0,670.0,1070.0,2938.0,9.0,3.0,13.0,1.0,1.0,1.0,2
1850.0,0.0,2.2,1.0,9.0,0.0,41.0,0.8,133.0,8.0,13.0,27.0,518.0,3032.0,8.0,1.0,10.0,1.0,1.0,1.0,2
1297.0,0.0,0.5,1.0,12.0,0.0,17.0,0.1,196.0,1.0,14.0,559.0,813.0,3652.0,19.0,4.0,12.0,0.0,1.0,1.0,3
1706.0,0.0,1.8,1.0,10.0,1.0,44.0,0.2,137.0,5.0,13.0,716.0,1440.0,3238.0,5.0,3.0,20.0,1.0,0.0,0.0,3
1967.0,0.0,0.5,0.0,11.0,1.0,23.0,0.6,135.0,5.0,16.0,931.0,1726.0,325.0,16.0,0.0,3.0,1.0,0.0,1.0,0
1392.0,1.0,0.5,1.0,6.0,0.0,63.0,0.5,181.0,2.0,9.0,573.0,1468.0,3850.0,12.0,8.0,13.0,0.0,1.0,0.0,3
1248.0,1.0,2.1,1.0,2.0,1.0,12.0,0.1,170.0,2.0,3.0,328.0,1378.0,1266.0,11.0,0.0,6.0,1.0,1.0,0.0,0
894.0,1.0,0.5,1.0,2.0,0.0,27.0,0.3,192.0,2.0,6.0,932.0,1576.0,3454.0,9.0,4.0,14.0,0.0,1.0,0.0,3
1829.0,0.0,0.5,0.0,2.0,1.0,54.0,0.6,98.0,3.0,20.0,383.0,1160.0,1634.0,7.0,0.0,12.0,1.0,0.0,0.0,1
1372.0,0.0,0.6,0.0,3.0,1.0,42.0,0.7,124.0,6.0,10.0,68.0,1998.0,3208.0,18.0,5.0,9.0,1.0,1.0,1.0,3
1429.0,1.0,1.0,0.0,7.0,0.0,11.0,0.7,150.0,4.0,8.0,436.0,813.0,1955.0,7.0,5.0,2.0,1.0,1.0,0.0,1
706.0,0.0,0.5,1.0,10.0,1.0,4.0,0.8,190.0,5.0,18.0,204.0,966.0,3735.0,12.0,7.0,20.0,1.0,1.0,1.0,3
649.0,0.0,1.9,0.0,0.0,0.0,51.0,0.6,179.0,4.0,12.0,1174.0,1388.0,3446.0,11.0,5.0,18.0,0.0,1.0,1.0,3
1137.0,1.0,0.8,0.0,3.0,1.0,7.0,1.0,122.0,3.0,18.0,537.0,620.0,946.0,13.0,4.0,7.0,1.0,0.0,1.0,0
1320.0,1.0,0.5,1.0,11.0,1.0,6.0,0.2,164.0,1.0,14.0,1034.0,1836.0,1626.0,11.0,9.0,14.0,1.0,0.0,1.0,1
792.0,0.0,0.8,0.0,7.0,0.0,48.0,0.5,144.0,4.0,16.0,371.0,888.0,1583.0,15.0,2.0,20.0,0.0,1.0,1.0,0
918.0,1.0,2.7,0.0,7.0,0.0,25.0,0.9,149.0,7.0,8.0,178.0,1850.0,3676.0,6.0,2.0,2.0,1.0,0.0,1.0,3
929.0,1.0,0.5,1.0,7.0,1.0,13.0,1.0,146.0,7.0,8.0,213.0,1714.0,1704.0,15.0,2.0,5.0,1.0,0.0,0.0,1
767.0,1.0,0.5,1.0,4.0,0.0,30.0,0.8,100.0,5.0,8.0,798.0,1955.0,3485.0,9.0,1.0,4.0,1.0,0.0,1.0,3
1739.0,0.0,2.6,0.0,9.0,0.0,39.0,0.5,135.0,8.0,10.0,86.0,1957.0,1882.0,13.0,12.0,8.0,1.0,1.0,0.0,2
1315.0,0.0,0.5,0.0,0.0,1.0,15.0,0.4,134.0,1.0,0.0,489.0,624.0,3928.0,8.0,4.0,8.0,1.0,0.0,1.0,3
1388.0,0.0,1.4,1.0,4.0,1.0,31.0,0.6,184.0,1.0,14.0,1338.0,1443.0,346.0,8.0,2.0,12.0,1.0,0.0,0.0,0
1981.0,0.0,2.5,1.0,1.0,0.0,36.0,0.3,94.0,4.0,2.0,128.0,1457.0,395.0,9.0,7.0,15.0,0.0,1.0,0.0,0
569.0,0.0,0.5,1.0,1.0,1.0,53.0,1.0,170.0,8.0,20.0,457.0,1555.0,1243.0,17.0,10.0,10.0,1.0,1.0,0.0,0
1930.0,0.0,1.3,0.0,2.0,0.0,57.0,0.2,151.0,1.0,9.0,678.0,1117.0,682.0,16.0,10.0,8.0,0.0,0.0,1.0,0
725.0,1.0,0.5,0.0,10.0,0.0,61.0,0.8,108.0,3.0,17.0,260.0,508.0,3074.0,7.0,6.0,12.0,0.0,0.0,1.0,2
1690.0,0.0,2.2,0.0,0.0,0.0,51.0,0.8,130.0,8.0,15.0,713.0,1092.0,451.0,6.0,4.0,7.0,0.0,0.0,1.0,0
712.0,1.0,1.4,0.0,1.0,1.0,33.0,0.2,86.0,4.0,5.0,163.0,799.0,1471.0,15.0,0.0,10.0,1.0,0.0,0.0,0
1603.0,1.0,0.5,1.0,8.0,1.0,37.0,1.0,95.0,8.0,9.0,1430.0,1622.0,1748.0,15.0,10.0,5.0,1.0,1.0,0.0,2
1850.0,1.0,2.8,0.0,0.0,0.0,18.0,0.1,132.0,8.0,3.0,633.0,1382.0,1853.0,15.0,0.0,9.0,1.0,1.0,0.0,2
1472.0,1.0,0.7,1.0,4.0,1.0,41.0,1.0,145.0,3.0,6.0,242.0,619.0,1514.0,8.0,1.0,16.0,1.0,1.0,1.0,1
1858.0,0.0,0.7,1.0,1.0,1.0,43.0,0.2,167.0,5.0,3.0,1154.0,1473.0,1886.0,9.0,3.0,7.0,1.0,1.0,1.0,2
1543.0,1.0,2.6,1.0,0.0,1.0,46.0,0.8,116.0,8.0,13.0,48.0,679.0,3023.0,6.0,4.0,4.0,1.0,1.0,0.0,2
652.0,1.0,2.8,1.0,4.0,0.0,37.0,0.8,174.0,6.0,11.0,416.0,1652.0,2904.0,16.0,8.0,16.0,0.0,0.0,0.0,2
546.0,0.0,1.8,1.0,6.0,1.0,55.0,0.9,100.0,6.0,12.0,493.0,1477.0,628.0,12.0,3.0,10.0,1.0,1.0,1.0,0
1408.0,1.0,1.4,1.0,1.0,0.0,6.0,0.9,145.0,8.0,3.0,621.0,692.0,1833.0,9.0,1.0,19.0,0.0,1.0,0.0,1
1021.0,0.0,1.5,1.0,3.0,1.0,31.0,0.1,97.0,7.0,10.0,189.0,1327.0,1066.0,18.0,15.0,17.0,1.0,1.0,1.0,0
567.0,0.0,1.4,1.0,14.0,0.0,60.0,0.1,111.0,2.0,15.0,152.0,1326.0,1150.0,17.0,16.0,4.0,1.0,0.0,1.0,0
1967.0,1.0,2.6,1.0,4.0,0.0,62.0,1.0,91.0,8.0,10.0,1355.0,1850.0,2839.0,13.0,7.0,10.0,1.0,0.0,0.0,3
1658.0,0.0,2.0,1.0,8.0,1.0,61.0,0.1,180.0,3.0,20.0,443.0,1100.0,2857.0,7.0,1.0,5.0,1.0,0.0,1.0,2
1088.0,1.0,3.0,1.0,2.0,1.0,52.0,0.3,164.0,7.0,4.0,86.0,588.0,1447.0,19.0,16.0,15.0,1.0,1.0,1.0,0
542.0,1.0,0.7,0.0,2.0,1.0,12.0,0.2,185.0,2.0,3.0,1674.0,1969.0,3445.0,17.0,2.0,4.0,1.0,1.0,1.0,3
788.0,0.0,1.6,1.0,6.0,1.0,52.0,0.1,96.0,1.0,20.0,530.0,1436.0,1941.0,14.0,0.0,19.0,1.0,1.0,0.0,1
576.0,1.0,2.5,1.0,10.0,0.0,57.0,0.7,179.0,5.0,15.0,1009.0,1656.0,2522.0,11.0,5.0,12.0,0.0,1.0,0.0,2
950.0,1.0,1.6,0.0,5.0,1.0,41.0,0.5,188.0,3.0,20.0,193.0,727.0,2932.0,10.0,7.0,20.0,1.0,0.0,0.0,2
518.0,1.0,0.8,0.0,3.0,1.0,17.0,0.5,133.0,3.0,7.0,564.0,765.0,2239.0,7.0,3.0,7.0,1.0,1.0,1.0,1
1996.0,1.0,1.9,0.0,4.0,0.0,55.0,0.3,81.0,7.0,8.0,890.0,1661.0,1852.0,8.0,2.0,4.0,0.0,1.0,1.0,2
1197.0,0.0,2.9,0.0,6.0,1.0,38.0,0.1,83.0,6.0,17.0,1516.0,1910.0,3525.0,13.0,9.0,16.0,1.0,0.0,0.0,3
1006.0,1.0,2.5,1.0,9.0,0.0,14.0,0.7,186.0,1.0,12.0,348.0,640.0,1955.0,17.0,6.0,9.0,1.0,1.0,0.0,1
1679.0,1.0,1.5,0.0,2.0,1.0,4.0,0.1,133.0,4.0,3.0,349.0,531.0,1557.0,16.0,15.0,12.0,1.0,0.0,1.0,1
1262.0,0.0,1.4,1.0,7.0,1.0,64.0,0.1,116.0,7.0,16.0,37.0,1018.0,3060.0,5.0,1.0,4.0,1.0,1.0,1.0,2
560.0,0.0,1.3,1.0,13.0,0.0,29.0,1.0,160.0,1.0,19.0,906.0,1189.0,2832.0,16.0,1.0,7.0,1.0,0.0,0.0,2
904.0,0.0,2.4,0.0,5.0,1.0,55.0,0.6,158.0,4.0,13.0,529.0,764.0,2008.0,6.0,1.0,16.0,1.0,0.0,0.0,1
1834.0,1.0,2.1,0.0,1.0,1.0,55.0,0.1,137.0,3.0,10.0,670.0,1179.0,2420.0,15.0,3.0,8.0,1.0,0.0,1.0,2
681.0,0.0,1.2,1.0,8.0,0.0,13.0,0.8,87.0,3.0,17.0,288.0,621.0,292.0,12.0,10.0,18.0,0.0,0.0,1.0,0
687.0,0.0,0.6,1.0,13.0,1.0,14.0,0.4,185.0,2.0,16.0,721.0,1620.0,1580.0,19.0,4.0,19.0,1.0,1.0,1.0,1
863.0,0.0,2.9,0.0,11.0,1.0,52.0,0.8,119.0,6.0,13.0,1060.0,1547.0,1345.0,7.0,0.0,20.0,1.0,0.0,0.0,1
518.0,1.0,2.7,0.0,0.0,1.0,45.0,0.7,159.0,6.0,15.0,564.0,739.0,1208.0,10.0,9.0,9.0,1.0,1.0,0.0,0
1488.0,0.0,1.8,0.0,0.0,1.0,2.0,0.1,124.0,4.0,0.0,765.0,777.0,3349.0,17.0,6.0,2.0,1.0,0.0,0.0,3
944.0,0.0,2.4,0.0,0.0,0.0,35.0,0.5,127.0,3.0,1.0,7.0,719.0,2804.0,9.0,4.0,10.0,1.0,1.0,0.0,2
1283.0,0.0,0.5,1.0,6.0,0.0,48.0,0.5,176.0,6.0,9.0,880.0,964.0,1182.0,11.0,8.0,17.0,1.0,1.0,0.0,1
817.0,1.0,1.0,1.0,13.0,1.0,40.0,0.8,140.0,4.0,17.0,1180.0,1790.0,436.0,19.0,6.0,14.0,1.0,0.0,1.0,0
804.0,0.0,2.6,1.0,2.0,0.0,49.0,0.6,105.0,1.0,18.0,638.0,939.0,2256.0,16.0,1.0,7.0,1.0,0.0,1.0,1
1883.0,1.0,2.6,0.0,2.0,1.0,50.0,0.1,169.0,5.0,3.0,313.0,561.0,427.0,17.0,8.0,10.0,1.0,0.0,1.0,0
1177.0,0.0,0.5,0.0,5.0,1.0,2.0,0.9,141.0,7.0,12.0,490.0,793.0,715.0,19.0,5.0,4.0,1.0,0.0,0.0,0
1765.0,1.0,2.0,0.0,7.0,0.0,18.0,0.9,85.0,4.0,8.0,791.0,1580.0,1199.0,7.0,4.0,10.0,1.0,0.0,0.0,1
1997.0,0.0,2.1,0.0,10.0,1.0,60.0,0.7,84.0,8.0,16.0,1130.0,1687.0,788.0,17.0,15.0,8.0,1.0,0.0,1.0,1
989.0,1.0,2.6,1.0,1.0,0.0,14.0,0.2,148.0,4.0,11.0,513.0,1089.0,507.0,13.0,10.0,13.0,0.0,1.0,1.0,0
1370.0,1.0,0.6,1.0,0.0,1.0,56.0,0.5,124.0,6.0,3.0,919.0,1113.0,974.0,5.0,4.0,15.0,1.0,0.0,0.0,1
861.0,0.0,0.5,0.0,0.0,0.0,64.0,0.8,105.0,7.0,1.0,1376.0,1864.0,600.0,15.0,1.0,12.0,0.0,1.0,0.0,0
1745.0,0.0,1.8,0.0,0.0,0.0,45.0,0.1,110.0,2.0,2.0,1070.0,1445.0,2352.0,11.0,9.0,16.0,1.0,0.0,1.0,2
1187.0,0.0,0.6,1.0,0.0,1.0,4.0,0.7,92.0,8.0,0.0,709.0,1306.0,2518.0,14.0,12.0,20.0,1.0,1.0,1.0,2
1422.0,1.0,1.8,0.0,12.0,0.0,3.0,0.9,145.0,1.0,13.0,1023.0,1223.0,3941.0,9.0,7.0,2.0,0.0,0.0,0.0,3
658.0,1.0,2.4,0.0,0.0,1.0,38.0,1.0,94.0,8.0,1.0,479.0,1300.0,2585.0,19.0,2.0,8.0,1.0,0.0,0.0,2
1180.0,1.0,2.3,1.0,0.0,1.0,32.0,0.8,97.0,2.0,1.0,1603.0,1762.0,3504.0,17.0,7.0,10.0,1.0,1.0,1.0,3
521.0,1.0,2.6,1.0,1.0,1.0,64.0,0.8,200.0,4.0,11.0,575.0,1089.0,834.0,6.0,5.0,12.0,1.0,1.0,1.0,0
666.0,0.0,1.1,0.0,1.0,1.0,28.0,0.9,179.0,1.0,13.0,157.0,1466.0,3850.0,7.0,5.0,9.0,1.0,1.0,1.0,3
805.0,1.0,1.5,0.0,0.0,0.0,25.0,0.3,174.0,2.0,3.0,522.0,553.0,1580.0,15.0,13.0,3.0,1.0,0.0,0.0,0
1008.0,1.0,2.9,0.0,0.0,0.0,39.0,0.9,161.0,6.0,5.0,565.0,1228.0,3589.0,14.0,1.0,18.0,1.0,0.0,1.0,3
986.0,0.0,2.8,0.0,0.0,1.0,26.0,0.1,80.0,8.0,9.0,0.0,1214.0,1316.0,7.0,5.0,8.0,1.0,0.0,0.0,0
1655.0,0.0,2.0,0.0,0.0,0.0,23.0,0.6,192.0,2.0,1.0,586.0,641.0,1872.0,11.0,9.0,13.0,1.0,1.0,0.0,1
1391.0,1.0,0.5,0.0,0.0,1.0,53.0,0.2,114.0,5.0,1.0,996.0,1521.0,1114.0,8.0,0.0,17.0,1.0,0.0,1.0,1
1042.0,1.0,0.5,1.0,11.0,0.0,13.0,0.1,148.0,3.0,20.0,98.0,569.0,1715.0,17.0,7.0,7.0,1.0,1.0,1.0,0
916.0,1.0,1.1,1.0,5.0,1.0,44.0,0.9,116.0,3.0,16.0,893.0,1132.0,2367.0,8.0,5.0,7.0,1.0,0.0,1.0,2
681.0,0.0,2.6,0.0,1.0,0.0,29.0,0.9,162.0,3.0,7.0,1262.0,1332.0,575.0,15.0,5.0,4.0,1.0,1.0,1.0,0
1224.0,1.0,1.1,1.0,1.0,1.0,34.0,1.0,138.0,6.0,3.0,1545.0,1751.0,2992.0,13.0,5.0,3.0,1.0,1.0,0.0,3
1234.0,0.0,2.1,1.0,4.0,1.0,44.0,0.4,107.0,3.0,17.0,797.0,1054.0,2819.0,13.0,3.0,8.0,1.0,0.0,1.0,2
1093.0,1.0,2.7,0.0,8.0,0.0,63.0,0.5,138.0,8.0,9.0,605.0,1966.0,3556.0,13.0,2.0,13.0,0.0,0.0,1.0,3
583.0,0.0,0.5,0.0,9.0,1.0,33.0,0.9,136.0,5.0,18.0,1673.0,1774.0,3236.0,12.0,9.0,13.0,1.0,0.0,0.0,3
1598.0,1.0,1.0,1.0,8.0,1.0,49.0,0.5,115.0,2.0,14.0,537.0,1233.0,1313.0,12.0,2.0,7.0,1.0,1.0,0.0,1
1988.0,1.0,2.8,1.0,3.0,0.0,34.0,0.4,163.0,3.0,16.0,1221.0,1981.0,2872.0,7.0,6.0,20.0,1.0,1.0,1.0,3
1746.0,0.0,0.5,1.0,9.0,0.0,51.0,0.8,184.0,7.0,19.0,754.0,790.0,1822.0,18.0,17.0,15.0,0.0,1.0,0.0,1
907.0,1.0,2.7,0.0,8.0,0.0,53.0,0.7,156.0,2.0,13.0,10.0,1881.0,3469.0,8.0,5.0,12.0,1.0,0.0,0.0,3
1472.0,0.0,0.5,0.0,3.0,1.0,53.0,0.7,103.0,1.0,4.0,438.0,690.0,2001.0,14.0,0.0,14.0,1.0,1.0,1.0,1
916.0,1.0,1.3,0.0,5.0,0.0,10.0,0.8,173.0,4.0,8.0,43.0,1012.0,3706.0,9.0,8.0,15.0,0.0,1.0,0.0,3
1427.0,1.0,0.8,1.0,2.0,0.0,31.0,0.9,186.0,1.0,20.0,934.0,1005.0,2542.0,7.0,6.0,10.0,0.0,0.0,0.0,2
1101.0,1.0,2.9,1.0,3.0,0.0,5.0,0.5,141.0,5.0,7.0,90.0,642.0,1567.0,15.0,2.0,11.0,1.0,1.0,0.0,0
723.0,1.0,0.5,0.0,0.0,0.0,36.0,0.8,104.0,4.0,0.0,263.0,514.0,2669.0,17.0,6.0,16.0,0.0,0.0,1.0,1
1403.0,0.0,0.7,1.0,4.0,0.0,32.0,0.1,117.0,1.0,5.0,257.0,551.0,2499.0,16.0,10.0,4.0,0.0,0.0,1.0,2
657.0,1.0,0.8,1.0,4.0,0.0,45.0,0.1,87.0,1.0,6.0,843.0,1260.0,2273.0,15.0,12.0,10.0,0.0,1.0,0.0,1
1688.0,1.0,0.8,0.0,0.0,0.0,14.0,0.9,118.0,1.0,2.0,48.0,1425.0,1773.0,13.0,0.0,18.0,1.0,1.0,1.0,1
1086.0,0.0,0.5,0.0,10.0,0.0,35.0,0.6,125.0,7.0,17.0,577.0,1296.0,421.0,7.0,5.0,6.0,1.0,0.0,1.0,0
876.0,1.0,1.1,0.0,2.0,1.0,48.0,0.9,196.0,2.0,3.0,524.0,1225.0,630.0,17.0,9.0,18.0,1.0,0.0,1.0,0
1065.0,0.0,0.5,0.0,0.0,0.0,25.0,0.6,189.0,6.0,1.0,776.0,996.0,1114.0,5.0,1.0,19.0,0.0,0.0,1.0,0
1235.0,0.0,1.5,0.0,3.0,0.0,33.0,0.1,164.0,8.0,16.0,633.0,1891.0,1623.0,10.0,3.0,20.0,1.0,1.0,1.0,1
1959.0,1.0,2.7,0.0,0.0,1.0,2.0,0.2,92.0,3.0,11.0,992.0,1418.0,2125.0,14.0,7.0,8.0,1.0,1.0,0.0,2
650.0,1.0,1.5,0.0,12.0,0.0,48.0,0.8,187.0,4.0,14.0,986.0,1291.0,1622.0,8.0,6.0,19.0,1.0,1.0,1.0,1
1465.0,1.0,2.9,0.0,0.0,0.0,38.0,0.3,88.0,1.0,7.0,478.0,613.0,1162.0,14.0,10.0,10.0,1.0,1.0,1.0,0
1030.0,0.0,0.9,0.0,6.0,1.0,29.0,0.1,113.0,1.0,7.0,174.0,624.0,3762.0,5.0,4.0,12.0,1.0,0.0,0.0,3
853.0,1.0,1.9,1.0,17.0,1.0,26.0,0.5,94.0,6.0,18.0,114.0,817.0,3069.0,19.0,17.0,20.0,1.0,0.0,0.0,2
744.0,1.0,2.2,0.0,6.0,1.0,52.0,0.9,196.0,4.0,7.0,268.0,600.0,1571.0,7.0,5.0,18.0,1.0,1.0,1.0,0
583.0,1.0,1.1,1.0,15.0,0.0,24.0,0.4,168.0,2.0,19.0,301.0,1111.0,3260.0,14.0,6.0,14.0,1.0,1.0,0.0,2
690.0,0.0,0.5,0.0,2.0,0.0,62.0,0.3,88.0,1.0,9.0,633.0,1240.0,3206.0,16.0,10.0,19.0,1.0,0.0,0.0,2
683.0,1.0,1.9,1.0,16.0,1.0,56.0,0.1,190.0,1.0,17.0,144.0,585.0,592.0,17.0,9.0,3.0,1.0,0.0,0.0,0
590.0,0.0,2.3,1.0,2.0,0.0,30.0,0.3,178.0,3.0,14.0,486.0,825.0,1188.0,18.0,11.0,14.0,1.0,0.0,1.0,0
1266.0,1.0,1.0,0.0,0.0,1.0,2.0,0.7,87.0,7.0,1.0,640.0,1357.0,3067.0,11.0,10.0,16.0,1.0,0.0,1.0,3
815.0,1.0,1.8,0.0,9.0,0.0,18.0,0.9,83.0,7.0,12.0,243.0,525.0,2131.0,17.0,7.0,5.0,0.0,1.0,0.0,1
1893.0,1.0,1.5,1.0,0.0,1.0,42.0,0.5,179.0,1.0,3.0,1133.0,1851.0,1425.0,19.0,1.0,10.0,1.0,0.0,0.0,2
1202.0,0.0,2.5,1.0,3.0,0.0,22.0,0.4,112.0,2.0,8.0,1900.0,1959.0,291.0,5.0,2.0,4.0,0.0,0.0,0.0,0
1577.0,1.0,1.5,0.0,16.0,1.0,3.0,0.7,180.0,8.0,17.0,523.0,573.0,3116.0,13.0,6.0,16.0,1.0,1.0,0.0,2
1234.0,0.0,2.9,0.0,8.0,1.0,44.0,0.8,129.0,1.0,12.0,1783.0,1891.0,2440.0,7.0,4.0,19.0,1.0,1.0,0.0,3
717.0,0.0,1.8,0.0,1.0,1.0,25.0,0.4,173.0,5.0,8.0,668.0,1587.0,3631.0,6.0,5.0,6.0,1.0,0.0,1.0,3
1074.0,1.0,1.5,0.0,5.0,0.0,35.0,0.6,193.0,4.0,13.0,269.0,597.0,1104.0,16.0,10.0,15.0,0.0,1.0,0.0,0
1439.0,1.0,1.2,0.0,11.0,1.0,58.0,0.2,183.0,1.0,20.0,794.0,1552.0,3069.0,17.0,11.0,2.0,1.0,1.0,0.0,3
983.0,1.0,1.6,0.0,7.0,1.0,55.0,0.4,168.0,8.0,8.0,205.0,963.0,1425.0,14.0,0.0,4.0,1.0,1.0,0.0,0
1988.0,0.0,2.5,0.0,7.0,1.0,63.0,0.6,153.0,4.0,11.0,615.0,937.0,2276.0,13.0,7.0,11.0,1.0,0.0,0.0,2
1692.0,0.0,1.3,1.0,0.0,1.0,25.0,0.7,149.0,3.0,12.0,1111.0,1898.0,3192.0,9.0,4.0,3.0,1.0,1.0,1.0,3
718.0,1.0,0.5,1.0,2.0,0.0,35.0,0.9,181.0,4.0,5.0,1226.0,1763.0,3021.0,10.0,4.0,12.0,0.0,0.0,1.0,2
1519.0,0.0,0.5,0.0,0.0,1.0,36.0,0.6,93.0,8.0,2.0,661.0,1852.0,3082.0,18.0,11.0,9.0,1.0,0.0,0.0,3
776.0,0.0,3.0,1.0,9.0,0.0,9.0,0.5,110.0,2.0,12.0,584.0,974.0,1346.0,5.0,2.0,3.0,0.0,0.0,1.0,0
881.0,1.0,2.8,0.0,1.0,0.0,36.0,0.5,167.0,1.0,6.0,1381.0,1444.0,2354.0,19.0,10.0,5.0,1.0,1.0,1.0,2
1018.0,0.0,0.6,1.0,0.0,1.0,25.0,0.8,152.0,7.0,2.0,292.0,616.0,732.0,12.0,8.0,13.0,1.0,1.0,0.0,0
1031.0,1.0,0.5,1.0,2.0,1.0,31.0,0.1,82.0,8.0,19.0,737.0,1404.0,2305.0,10.0,4.0,4.0,1.0,1.0,0.0,2
875.0,0.0,1.0,0.0,14.0,0.0,37.0,0.6,151.0,7.0,20.0,1289.0,1668.0,2985.0,6.0,1.0,9.0,1.0,1.0,1.0,3
1341.0,0.0,1.0,0.0,5.0,1.0,40.0,0.2,128.0,5.0,12.0,1434.0,1700.0,265.0,19.0,3.0,3.0,1.0,1.0,1.0,0
560.0,1.0,2.4,0.0,4.0,1.0,5.0,0.3,106.0,1.0,8.0,1338.0,1386.0,2050.0,18.0,13.0,6.0,1.0,0.0,0.0,1
1719.0,0.0,2.1,0.0,0.0,1.0,63.0,0.7,189.0,7.0,2.0,589.0,1637.0,1669.0,14.0,0.0,13.0,1.0,0.0,1.0,1
1703.0,0.0,1.6,0.0,16.0,1.0,43.0,1.0,139.0,8.0,17.0,178.0,1972.0,585.0,13.0,11.0,17.0,1.0,1.0,1.0,0
1408.0,1.0,1.8,0.0,1.0,0.0,59.0,0.8,168.0,1.0,2.0,716.0,1470.0,342.0,8.0,0.0,8.0,1.0,0.0,1.0,0
701.0,1.0,0.8,0.0,3.0,0.0,53.0,0.2,87.0,4.0,7.0,1063.0,1149.0,1972.0,9.0,8.0,5.0,1.0,0.0,0.0,1
1560.0,1.0,0.5,0.0,14.0,0.0,47.0,0.3,172.0,2.0,18.0,910.0,1908.0,1540.0,17.0,7.0,3.0,0.0,0.0,0.0,1
695.0,1.0,1.0,0.0,4.0,0.0,51.0,0.8,93.0,5.0,5.0,174.0,538.0,2463.0,7.0,2.0,4.0,1.0,1.0,1.0,1
1487.0,0.0,0.6,0.0,18.0,1.0,6.0,0.8,191.0,4.0,19.0,665.0,1072.0,3259.0,11.0,9.0,13.0,1.0,0.0,1.0,3
1546.0,1.0,2.7,0.0,3.0,0.0,55.0,0.2,115.0,7.0,14.0,1425.0,1594.0,3371.0,16.0,7.0,15.0,0.0,0.0,1.0,3
511.0,1.0,0.7,0.0,12.0,1.0,43.0,0.4,120.0,4.0,15.0,1291.0,1583.0,3370.0,16.0,5.0,6.0,1.0,0.0,0.0,3
507.0,0.0,1.1,0.0,5.0,0.0,33.0,0.6,186.0,1.0,6.0,535.0,897.0,2884.0,18.0,7.0,7.0,0.0,0.0,0.0,2
1490.0,1.0,1.1,0.0,2.0,0.0,10.0,0.6,130.0,2.0,7.0,1357.0,1826.0,2994.0,16.0,1.0,8.0,1.0,0.0,1.0,3
1859.0,0.0,0.5,0.0,0.0,1.0,52.0,1.0,187.0,1.0,2.0,651.0,966.0,1604.0,15.0,12.0,10.0,1.0,0.0,0.0,1
1257.0,0.0,1.8,0.0,3.0,1.0,31.0,0.6,155.0,5.0,10.0,1006.0,1533.0,2014.0,15.0,8.0,12.0,1.0,0.0,0.0,2
926.0,0.0,2.7,1.0,0.0,1.0,29.0,0.7,118.0,5.0,18.0,349.0,1594.0,2709.0,5.0,4.0,18.0,1.0,0.0,1.0,2
1303.0,0.0,0.5,0.0,2.0,0.0,7.0,0.6,98.0,4.0,5.0,740.0,1908.0,2865.0,17.0,3.0,12.0,0.0,0.0,0.0,3
657.0,0.0,1.6,1.0,0.0,0.0,35.0,0.6,143.0,5.0,14.0,1189.0,1545.0,3617.0,17.0,14.0,14.0,0.0,0.0,1.0,3
1812.0,0.0,0.9,1.0,9.0,0.0,44.0,0.2,197.0,3.0,16.0,299.0,1212.0,3814.0,9.0,6.0,13.0,1.0,1.0,0.0,3
1943.0,0.0,0.5,1.0,0.0,1.0,29.0,0.4,121.0,1.0,1.0,440.0,1126.0,1990.0,5.0,2.0,11.0,1.0,1.0,1.0,2
1082.0,1.0,0.9,0.0,4.0,1.0,24.0,0.9,167.0,7.0,9.0,425.0,761.0,1428.0,16.0,0.0,12.0,1.0,1.0,0.0,0
721.0,1.0,2.6,0.0,1.0,0.0,49.0,0.6,168.0,4.0,8.0,35.0,598.0,3473.0,15.0,8.0,17.0,0.0,0.0,0.0,2
654.0,1.0,1.5,1.0,2.0,0.0,56.0,0.7,122.0,1.0,4.0,441.0,520.0,2609.0,7.0,2.0,16.0,1.0,1.0,1.0,1
1948.0,1.0,0.7,0.0,2.0,0.0,31.0,0.4,122.0,2.0,7.0,968.0,1208.0,2070.0,5.0,3.0,5.0,1.0,0.0,1.0,2
1242.0,0.0,1.8,1.0,4.0,1.0,56.0,0.1,122.0,1.0,8.0,753.0,1785.0,2620.0,18.0,11.0,3.0,1.0,0.0,1.0,2
1453.0,1.0,0.5,0.0,0.0,0.0,24.0,0.3,156.0,1.0,1.0,29.0,1055.0,1619.0,11.0,5.0,11.0,1.0,0.0,1.0,1
1948.0,1.0,2.7,0.0,3.0,1.0,13.0,0.2,164.0,7.0,12.0,336.0,587.0,493.0,18.0,7.0,18.0,1.0,1.0,1.0,0
1232.0,0.0,0.9,0.0,5.0,0.0,58.0,1.0,142.0,6.0,6.0,1062.0,1393.0,2334.0,14.0,8.0,13.0,1.0,0.0,1.0,2
795.0,0.0,0.5,1.0,4.0,1.0,55.0,0.3,155.0,3.0,11.0,226.0,1737.0,3030.0,12.0,8.0,17.0,1.0,1.0,0.0,2
1915.0,0.0,0.5,0.0,4.0,0.0,24.0,0.2,106.0,4.0,17.0,923.0,1502.0,345.0,18.0,10.0,20.0,0.0,0.0,1.0,0
532.0,0.0,0.5,0.0,7.0,0.0,51.0,0.6,180.0,7.0,14.0,406.0,1249.0,1525.0,7.0,6.0,2.0,0.0,1.0,1.0,0
1899.0,1.0,0.5,0.0,4.0,1.0,28.0,0.1,95.0,5.0,7.0,781.0,1418.0,499.0,5.0,3.0,15.0,1.0,0.0,1.0,0
1767.0,0.0,2.0,0.0,5.0,0.0,31.0,0.6,88.0,5.0,8.0,461.0,556.0,3989.0,13.0,8.0,7.0,0.0,1.0,0.0,3
1667.0,1.0,2.5,0.0,17.0,0.0,5.0,0.8,119.0,3.0,20.0,211.0,1797.0,1496.0,13.0,9.0,12.0,0.0,0.0,0.0,1
1346.0,0.0,2.6,1.0,5.0,0.0,31.0,0.3,140.0,4.0,11.0,17.0,785.0,1287.0,10.0,6.0,14.0,1.0,0.0,1.0,0
958.0,1.0,2.4,0.0,1.0,0.0,54.0,0.9,166.0,7.0,2.0,121.0,630.0,3324.0,11.0,10.0,18.0,1.0,0.0,1.0,2
1391.0,0.0,1.5,1.0,6.0,1.0,39.0,0.9,88.0,3.0,18.0,491.0,1737.0,2367.0,18.0,11.0,12.0,1.0,1.0,0.0,2
1176.0,1.0,2.3,0.0,0.0,0.0,56.0,0.7,103.0,2.0,1.0,93.0,518.0,2974.0,6.0,5.0,11.0,1.0,0.0,1.0,2
1863.0,0.0,1.0,1.0,5.0,1.0,16.0,0.4,113.0,2.0,19.0,261.0,684.0,990.0,6.0,5.0,13.0,1.0,0.0,0.0,0
1911.0,0.0,1.1,1.0,3.0,1.0,16.0,0.7,154.0,7.0,4.0,236.0,1568.0,3665.0,14.0,12.0,4.0,1.0,1.0,0.0,3
1789.0,1.0,1.8,1.0,6.0,1.0,36.0,0.5,123.0,6.0,11.0,418.0,1740.0,815.0,5.0,0.0,9.0,1.0,1.0,0.0,1
972.0,1.0,1.6,0.0,2.0,0.0,64.0,0.1,85.0,1.0,9.0,550.0,890.0,2759.0,13.0,7.0,10.0,1.0,0.0,0.0,2
1256.0,0.0,0.5,0.0,3.0,0.0,8.0,0.4,191.0,1.0,9.0,396.0,644.0,2991.0,7.0,6.0,19.0,1.0,1.0,0.0,2
1846.0,0.0,1.3,1.0,0.0,0.0,35.0,0.7,107.0,6.0,0.0,1336.0,1432.0,581.0,16.0,4.0,10.0,1.0,0.0,1.0,1
1900.0,0.0,1.4,0.0,0.0,0.0,41.0,0.4,112.0,8.0,1.0,342.0,778.0,3611.0,14.0,1.0,6.0,1.0,0.0,0.0,3
769.0,1.0,0.6,1.0,19.0,1.0,52.0,0.7,118.0,4.0,20.0,263.0,1786.0,431.0,15.0,4.0,19.0,1.0,0.0,0.0,0
756.0,0.0,1.0,0.0,0.0,0.0,33.0,0.2,177.0,1.0,3.0,506.0,573.0,3402.0,19.0,0.0,3.0,1.0,1.0,0.0,2
1728.0,0.0,2.3,1.0,0.0,1.0,43.0,0.7,152.0,1.0,0.0,1029.0,1535.0,3480.0,11.0,8.0,20.0,1.0,1.0,0.0,3
1970.0,0.0,2.9,0.0,3.0,1.0,9.0,0.2,163.0,2.0,7.0,110.0,1454.0,768.0,13.0,2.0,16.0,1.0,0.0,0.0,0
1021.0,0.0,2.1,1.0,6.0,1.0,47.0,0.3,173.0,6.0,18.0,224.0,1360.0,2215.0,13.0,12.0,2.0,1.0,1.0,1.0,1
888.0,0.0,2.5,1.0,5.0,0.0,14.0,0.9,98.0,5.0,17.0,891.0,1432.0,1849.0,5.0,1.0,11.0,0.0,1.0,0.0,1
1419.0,0.0,0.5,0.0,0.0,0.0,39.0,0.2,189.0,7.0,1.0,727.0,1132.0,3435.0,9.0,2.0,6.0,0.0,0.0,0.0,3
1959.0,1.0,0.5,0.0,0.0,0.0,30.0,0.1,153.0,3.0,1.0,901.0,1027.0,3057.0,14.0,1.0,18.0,1.0,0.0,0.0,3
1394.0,0.0,0.6,0.0,1.0,0.0,63.0,0.4,103.0,6.0,2.0,1152.0,1245.0,1731.0,19.0,18.0,16.0,1.0,0.0,0.0,1
1715.0,1.0,2.5,1.0,2.0,1.0,30.0,0.9,134.0,7.0,3.0,1853.0,1971.0,768.0,19.0,9.0,15.0,1.0,0.0,0.0,1
588.0,0.0,2.9,1.0,1.0,0.0,40.0,0.3,116.0,6.0,5.0,185.0,923.0,2780.0,5.0,2.0,14.0,0.0,1.0,0.0,2
1607.0,1.0,0.5,1.0,2.0,1.0,29.0,0.7,105.0,2.0,9.0,243.0,1234.0,3469.0,10.0,1.0,15.0,1.0,0.0,0.0,3
1171.0,1.0,2.8,0.0,8.0,1.0,47.0,0.4,192.0,1.0,11.0,371.0,674.0,3092.0,8.0,2.0,5.0,1.0,0.0,1.0,2
1138.0,0.0,1.5,1.0,0.0,0.0,57.0,0.2,85.0,4.0,6.0,1315.0,1569.0,313.0,16.0,11.0,20.0,1.0,1.0,0.0,0
1096.0,0.0,1.2,1.0,3.0,0.0,40.0,0.6,113.0,4.0,13.0,614.0,1757.0,2931.0,10.0,8.0,14.0,1.0,0.0,0.0,3
906.0,0.0,3.0,0.0,10.0,1.0,14.0,0.5,83.0,8.0,15.0,176.0,641.0,1761.0,17.0,11.0,12.0,1.0,1.0,0.0,1
740.0,0.0,3.0,1.0,0.0,1.0,47.0,0.7,166.0,3.0,5.0,417.0,596.0,3578.0,15.0,5.0,20.0,1.0,1.0,1.0,2
1435.0,1.0,0.5,1.0,10.0,1.0,62.0,0.1,150.0,4.0,14.0,453.0,664.0,369.0,8.0,1.0,4.0,1.0,0.0,1.0,0
1745.0,1.0,1.2,0.0,3.0,1.0,21.0,0.2,89.0,3.0,14.0,202.0,1670.0,3507.0,18.0,1.0,20.0,1.0,1.0,1.0,3
1995.0,0.0,2.6,1.0,2.0,1.0,4.0,0.8,171.0,2.0,20.0,1133.0,1972.0,3452.0,6.0,3.0,19.0,1.0,1.0,0.0,3
1813.0,0.0,1.8,1.0,10.0,1.0,28.0,0.5,159.0,2.0,14.0,1655.0,1899.0,981.0,15.0,14.0,14.0,1.0,0.0,1.0,1
1719.0,1.0,1.9,1.0,2.0,0.0,40.0,0.1,118.0,3.0,12.0,658.0,1778.0,2534.0,10.0,6.0,5.0,0.0,1.0,1.0,2
812.0,0.0,0.5,1.0,1.0,1.0,17.0,0.6,182.0,7.0,11.0,595.0,891.0,3248.0,13.0,10.0,14.0,1.0,0.0,0.0,2
987.0,1.0,2.9,0.0,0.0,1.0,63.0,0.3,154.0,7.0,6.0,150.0,1623.0,2646.0,12.0,1.0,6.0,1.0,1.0,1.0,2
977.0,1.0,0.7,0.0,5.0,0.0,50.0,0.5,106.0,3.0,6.0,1124.0,1758.0,3454.0,15.0,14.0,19.0,1.0,0.0,1.0,3
1289.0,1.0,0.7,0.0,0.0,0.0,7.0,0.1,99.0,2.0,18.0,489.0,565.0,375.0,5.0,1.0,19.0,0.0,1.0,1.0,0
1125.0,1.0,0.5,0.0,3.0,0.0,42.0,0.9,158.0,1.0,20.0,647.0,751.0,1622.0,13.0,0.0,9.0,0.0,1.0,1.0,1
1733.0,1.0,1.9,1.0,14.0,0.0,28.0,0.8,104.0,3.0,15.0,749.0,1203.0,2246.0,18.0,6.0,12.0,1.0,1.0,0.0,2
1333.0,1.0,1.2,1.0,1.0,0.0,35.0,0.9,198.0,1.0,4.0,477.0,651.0,3816.0,18.0,7.0,9.0,0.0,1.0,1.0,3
964.0,1.0,3.0,1.0,3.0,1.0,48.0,0.9,131.0,6.0,13.0,829.0,1154.0,1597.0,15.0,7.0,18.0,1.0,1.0,1.0,1
1613.0,0.0,1.3,0.0,1.0,1.0,24.0,0.4,195.0,2.0,5.0,1141.0,1590.0,3733.0,15.0,5.0,5.0,1.0,0.0,1.0,3
1123.0,1.0,1.2,0.0,1.0,0.0,8.0,0.6,171.0,4.0,4.0,1096.0,1152.0,2877.0,17.0,9.0,12.0,0.0,1.0,0.0,2
1913.0,1.0,2.8,0.0,0.0,1.0,7.0,0.3,136.0,4.0,16.0,612.0,1108.0,3227.0,6.0,0.0,4.0,1.0,0.0,1.0,3
1302.0,0.0,0.5,0.0,3.0,1.0,20.0,0.6,184.0,7.0,7.0,1099.0,1202.0,1446.0,8.0,6.0,16.0,1.0,0.0,1.0,1
797.0,0.0,1.4,1.0,0.0,1.0,9.0,0.1,104.0,1.0,14.0,1515.0,1812.0,1043.0,13.0,11.0,13.0,1.0,1.0,0.0,1
1074.0,1.0,1.5,1.0,5.0,0.0,9.0,0.1,174.0,2.0,7.0,41.0,756.0,1649.0,16.0,3.0,3.0,0.0,1.0,0.0,0
1411.0,1.0,2.6,0.0,0.0,0.0,61.0,0.3,165.0,5.0,3.0,1128.0,1959.0,483.0,16.0,5.0,4.0,1.0,1.0,0.0,0
1502.0,1.0,2.2,1.0,0.0,1.0,16.0,0.5,187.0,5.0,1.0,492.0,750.0,3712.0,9.0,2.0,16.0,1.0,1.0,1.0,3
983.0,1.0,1.5,0.0,1.0,0.0,22.0,0.1,170.0,4.0,20.0,1542.0,1765.0,1694.0,19.0,15.0,8.0,1.0,0.0,1.0,1
1457.0,0.0,0.5,1.0,7.0,0.0,8.0,0.3,120.0,7.0,13.0,786.0,1032.0,584.0,13.0,4.0,10.0,1.0,0.0,0.0,0
1315.0,1.0,0.9,0.0,3.0,1.0,40.0,0.6,162.0,6.0,6.0,1272.0,1316.0,3431.0,8.0,2.0,20.0,1.0,1.0,0.0,3
1514.0,0.0,0.7,0.0,11.0,0.0,11.0,0.2,187.0,5.0,17.0,656.0,1451.0,2315.0,13.0,0.0,5.0,0.0,0.0,0.0,2
1604.0,1.0,0.5,1.0,0.0,1.0,63.0,0.8,169.0,5.0,1.0,399.0,1360.0,3870.0,16.0,13.0,19.0,1.0,1.0,1.0,3
1919.0,0.0,0.6,1.0,11.0,1.0,63.0,0.9,109.0,8.0,20.0,771.0,1829.0,2205.0,9.0,4.0,8.0,1.0,1.0,0.0,2
1152.0,1.0,3.0,0.0,2.0,0.0,44.0,1.0,80.0,3.0,4.0,567.0,1802.0,986.0,7.0,5.0,8.0,0.0,0.0,1.0,1
664.0,1.0,2.9,0.0,10.0,1.0,40.0,0.1,173.0,5.0,15.0,1002.0,1260.0,3366.0,8.0,4.0,5.0,1.0,1.0,0.0,3
1848.0,0.0,0.5,0.0,9.0,0.0,36.0,0.1,174.0,6.0,10.0,317.0,540.0,3380.0,10.0,2.0,17.0,0.0,0.0,0.0,3
1319.0,0.0,2.0,1.0,9.0,1.0,28.0,0.8,178.0,1.0,19.0,1080.0,1886.0,3095.0,7.0,1.0,17.0,1.0,1.0,1.0,3
1189.0,1.0,2.5,0.0,4.0,1.0,20.0,0.3,171.0,7.0,9.0,1321.0,1717.0,2509.0,17.0,7.0,15.0,1.0,0.0,0.0,2
1130.0,1.0,1.3,1.0,1.0,1.0,59.0,0.8,98.0,6.0,4.0,185.0,555.0,3785.0,17.0,4.0,5.0,1.0,0.0,1.0,3
654.0,1.0,1.3,1.0,11.0,0.0,5.0,0.7,199.0,4.0,14.0,208.0,1975.0,3801.0,14.0,13.0,9.0,1.0,1.0,1.0,3
727.0,1.0,0.5,1.0,0.0,1.0,42.0,0.1,163.0,8.0,1.0,44.0,757.0,2039.0,5.0,0.0,19.0,1.0,1.0,1.0,1
1688.0,0.0,0.9,1.0,7.0,1.0,53.0,0.3,88.0,6.0,16.0,598.0,695.0,2156.0,5.0,4.0,20.0,1.0,1.0,0.0,2
1275.0,0.0,0.5,0.0,1.0,0.0,44.0,0.6,136.0,8.0,2.0,11.0,1130.0,1354.0,7.0,5.0,11.0,1.0,0.0,0.0,1
1108.0,1.0,2.2,1.0,3.0,1.0,37.0,0.4,143.0,5.0,14.0,97.0,706.0,3094.0,6.0,1.0,10.0,1.0,0.0,1.0,2
839.0,1.0,2.7,0.0,4.0,0.0,37.0,0.7,93.0,2.0,7.0,43.0,1211.0,3505.0,5.0,1.0,4.0,0.0,0.0,0.0,3
1464.0,0.0,0.5,1.0,1.0,1.0,6.0,0.4,97.0,5.0,2.0,303.0,701.0,3725.0,9.0,1.0,6.0,1.0,0.0,0.0,3
750.0,1.0,1.3,0.0,0.0,0.0,33.0,0.8,156.0,1.0,0.0,645.0,1680.0,1422.0,6.0,5.0,7.0,1.0,1.0,0.0,1
1749.0,0.0,1.1,0.0,9.0,0.0,57.0,0.6,183.0,3.0,15.0,415.0,589.0,786.0,8.0,1.0,9.0,1.0,1.0,1.0,0
1229.0,1.0,0.5,0.0,2.0,0.0,42.0,0.1,197.0,5.0,5.0,126.0,666.0,1712.0,11.0,9.0,15.0,1.0,1.0,1.0,1
1506.0,1.0,2.9,1.0,19.0,1.0,47.0,0.6,130.0,7.0,20.0,126.0,1150.0,1522.0,5.0,1.0,3.0,1.0,0.0,0.0,1
1887.0,0.0,2.1,0.0,0.0,0.0,23.0,0.5,148.0,4.0,20.0,837.0,1504.0,1811.0,18.0,16.0,11.0,1.0,1.0,0.0,2
652.0,0.0,0.5,0.0,6.0,0.0,3.0,0.6,193.0,1.0,8.0,1036.0,1345.0,2807.0,19.0,17.0,13.0,1.0,0.0,1.0,2
1422.0,1.0,2.8,0.0,7.0,0.0,30.0,0.5,99.0,6.0,14.0,207.0,1038.0,2229.0,15.0,5.0,15.0,1.0,0.0,1.0,2
709.0,0.0,1.9,1.0,10.0,0.0,63.0,0.3,150.0,4.0,14.0,345.0,601.0,1509.0,7.0,2.0,7.0,1.0,1.0,0.0,0
583.0,0.0,0.5,1.0,1.0,1.0,62.0,0.8,84.0,8.0,6.0,717.0,1717.0,886.0,13.0,2.0,13.0,1.0,1.0,0.0,0
941.0,0.0,1.3,1.0,3.0,0.0,26.0,0.4,128.0,3.0,5.0,994.0,1494.0,2875.0,6.0,3.0,11.0,1.0,0.0,1.0,2
763.0,0.0,1.2,1.0,4.0,1.0,59.0,0.6,119.0,1.0,17.0,724.0,737.0,2863.0,18.0,3.0,17.0,1.0,0.0,1.0,2
1581.0,1.0,1.4,0.0,0.0,1.0,55.0,0.6,138.0,2.0,1.0,890.0,1980.0,3936.0,5.0,1.0,3.0,1.0,0.0,0.0,3
1045.0,0.0,1.5,1.0,5.0,0.0,25.0,0.3,83.0,2.0,10.0,440.0,1730.0,2267.0,18.0,4.0,4.0,1.0,1.0,1.0,2
1308.0,1.0,0.5,1.0,0.0,0.0,34.0,0.5,169.0,5.0,0.0,432.0,1219.0,386.0,8.0,0.0,16.0,1.0,0.0,1.0,0
702.0,1.0,1.2,1.0,1.0,0.0,38.0,1.0,82.0,5.0,7.0,2.0,1152.0,3131.0,11.0,9.0,2.0,0.0,0.0,0.0,2
868.0,1.0,2.8,0.0,4.0,1.0,36.0,0.2,175.0,7.0,13.0,123.0,1735.0,1655.0,12.0,10.0,5.0,1.0,0.0,0.0,1
877.0,1.0,2.3,1.0,16.0,0.0,12.0,0.9,107.0,4.0,20.0,568.0,1267.0,3730.0,14.0,3.0,18.0,0.0,0.0,1.0,3
1275.0,0.0,0.5,1.0,5.0,0.0,24.0,0.3,184.0,2.0,11.0,299.0,1239.0,3397.0,19.0,15.0,19.0,1.0,1.0,1.0,3
1439.0,1.0,0.5,1.0,0.0,0.0,50.0,0.7,182.0,8.0,1.0,559.0,1573.0,805.0,8.0,5.0,13.0,0.0,0.0,1.0,0
510.0,0.0,1.3,1.0,0.0,1.0,15.0,0.5,131.0,1.0,1.0,268.0,1505.0,2187.0,5.0,4.0,17.0,1.0,0.0,1.0,1
1038.0,1.0,1.8,0.0,1.0,1.0,42.0,0.2,150.0,6.0,11.0,79.0,1186.0,3984.0,14.0,9.0,20.0,1.0,0.0,0.0,3
529.0,1.0,1.4,1.0,13.0,1.0,32.0,0.7,139.0,2.0,17.0,797.0,878.0,1561.0,12.0,0.0,3.0,1.0,1.0,1.0,0
1203.0,1.0,1.7,0.0,8.0,1.0,20.0,0.7,157.0,3.0,17.0,1153.0,1688.0,2307.0,7.0,5.0,11.0,1.0,0.0,1.0,2
768.0,1.0,2.5,0.0,10.0,0.0,13.0,0.2,133.0,4.0,18.0,520.0,575.0,1921.0,8.0,2.0,16.0,1.0,0.0,1.0,1
1780.0,1.0,1.5,1.0,2.0,0.0,30.0,0.2,82.0,1.0,8.0,324.0,1461.0,1066.0,13.0,6.0,13.0,0.0,0.0,1.0,1
1021.0,1.0,0.9,1.0,2.0,1.0,9.0,0.5,184.0,8.0,4.0,490.0,1647.0,773.0,13.0,2.0,14.0,1.0,1.0,1.0,0
1334.0,0.0,1.2,1.0,0.0,0.0,35.0,0.1,199.0,2.0,1.0,158.0,971.0,1038.0,16.0,14.0,17.0,1.0,0.0,0.0,0
1153.0,1.0,0.5,0.0,2.0,1.0,34.0,0.6,133.0,3.0,3.0,1788.0,1886.0,2225.0,9.0,8.0,8.0,1.0,0.0,1.0,2
1138.0,1.0,1.8,1.0,0.0,1.0,51.0,0.3,172.0,4.0,2.0,1162.0,1794.0,1327.0,13.0,12.0,4.0,1.0,1.0,1.0,1
1263.0,0.0,2.3,0.0,13.0,0.0,4.0,0.9,178.0,7.0,18.0,508.0,1047.0,668.0,14.0,3.0,4.0,0.0,1.0,0.0,0
825.0,0.0,2.5,0.0,11.0,0.0,56.0,0.7,173.0,3.0,20.0,783.0,960.0,1692.0,18.0,1.0,19.0,0.0,1.0,0.0,1
1894.0,1.0,0.5,1.0,10.0,0.0,16.0,0.1,172.0,3.0,20.0,1634.0,1937.0,1021.0,18.0,17.0,16.0,1.0,1.0,0.0,1
1383.0,0.0,1.7,0.0,11.0,1.0,40.0,0.1,147.0,6.0,19.0,487.0,507.0,2510.0,18.0,9.0,19.0,1.0,1.0,0.0,2
837.0,1.0,1.1,1.0,2.0,0.0,27.0,0.5,167.0,4.0,9.0,551.0,1784.0,2388.0,5.0,0.0,14.0,0.0,1.0,1.0,2
640.0,0.0,2.3,0.0,0.0,0.0,63.0,0.2,94.0,1.0,1.0,1816.0,1869.0,346.0,10.0,7.0,10.0,0.0,1.0,0.0,0
1194.0,1.0,2.2,1.0,3.0,0.0,3.0,0.2,90.0,5.0,8.0,46.0,1288.0,2872.0,6.0,5.0,13.0,1.0,1.0,0.0,2
520.0,0.0,0.6,1.0,2.0,1.0,44.0,0.6,127.0,3.0,9.0,12.0,914.0,3616.0,15.0,4.0,18.0,1.0,0.0,0.0,2
942.0,1.0,2.5,0.0,6.0,0.0,11.0,0.5,196.0,5.0,19.0,451.0,1310.0,1783.0,7.0,5.0,18.0,1.0,1.0,1.0,1
558.0,1.0,2.2,0.0,5.0,1.0,24.0,0.1,169.0,4.0,16.0,447.0,804.0,482.0,12.0,4.0,4.0,1.0,1.0,0.0,0
1733.0,0.0,1.6,1.0,9.0,0.0,56.0,0.5,111.0,6.0,15.0,633.0,1649.0,3352.0,6.0,5.0,9.0,1.0,0.0,0.0,3
1210.0,0.0,1.3,0.0,0.0,1.0,52.0,0.1,183.0,8.0,1.0,567.0,579.0,1104.0,11.0,2.0,10.0,1.0,0.0,1.0,0
880.0,0.0,0.5,1.0,7.0,1.0,32.0,0.5,141.0,4.0,17.0,346.0,739.0,1141.0,19.0,17.0,20.0,1.0,1.0,1.0,0
1938.0,1.0,1.4,1.0,4.0,0.0,60.0,0.4,171.0,2.0,7.0,76.0,1084.0,3691.0,9.0,5.0,3.0,1.0,1.0,0.0,3
657.0,0.0,1.3,1.0,4.0,0.0,28.0,1.0,118.0,2.0,19.0,1444.0,1735.0,2602.0,9.0,0.0,7.0,0.0,0.0,1.0,2
1273.0,0.0,0.5,1.0,6.0,1.0,47.0,0.2,98.0,1.0,12.0,685.0,1352.0,303.0,11.0,2.0,14.0,1.0,0.0,0.0,0
1842.0,1.0,0.5,0.0,0.0,1.0,19.0,0.2,147.0,3.0,0.0,565.0,709.0,585.0,11.0,3.0,19.0,1.0,0.0,0.0,0
1567.0,1.0,1.3,0.0,8.0,0.0,45.0,0.6,99.0,4.0,12.0,870.0,1020.0,927.0,19.0,9.0,12.0,1.0,1.0,1.0,1
914.0,1.0,1.7,1.0,6.0,0.0,36.0,1.0,128.0,2.0,13.0,1032.0,1822.0,786.0,19.0,8.0,13.0,1.0,0.0,1.0,0
1568.0,0.0,1.8,1.0,4.0,0.0,22.0,0.1,119.0,8.0,6.0,661.0,1584.0,294.0,13.0,2.0,2.0,0.0,1.0,0.0,0
873.0,1.0,0.5,0.0,4.0,1.0,30.0,0.2,175.0,6.0,18.0,237.0,1531.0,3655.0,15.0,13.0,15.0,1.0,0.0,0.0,3
1371.0,0.0,0.5,0.0,0.0,1.0,57.0,0.8,108.0,4.0,5.0,352.0,810.0,286.0,11.0,9.0,9.0,1.0,0.0,0.0,0
1739.0,0.0,1.0,0.0,1.0,0.0,15.0,0.9,100.0,1.0,7.0,426.0,793.0,3285.0,17.0,8.0,9.0,0.0,1.0,0.0,3
630.0,0.0,2.2,0.0,1.0,0.0,56.0,0.2,119.0,8.0,10.0,1329.0,1445.0,1317.0,6.0,5.0,12.0,1.0,1.0,0.0,1
1507.0,0.0,3.0,0.0,0.0,1.0,54.0,0.3,112.0,6.0,9.0,346.0,1511.0,3547.0,17.0,6.0,18.0,1.0,0.0,1.0,3
735.0,1.0,0.5,1.0,4.0,1.0,17.0,0.6,131.0,2.0,6.0,610.0,1283.0,2484.0,11.0,2.0,3.0,1.0,0.0,0.0,2
941.0,0.0,2.5,0.0,1.0,1.0,41.0,0.3,117.0,8.0,4.0,652.0,1855.0,1791.0,7.0,4.0,10.0,1.0,0.0,1.0,1
1216.0,0.0,1.7,1.0,1.0,0.0,26.0,0.7,116.0,3.0,4.0,957.0,1811.0,3607.0,10.0,0.0,17.0,1.0,0.0,0.0,3
621.0,1.0,1.9,1.0,10.0,0.0,3.0,0.6,148.0,8.0,15.0,972.0,997.0,3521.0,6.0,3.0,10.0,0.0,1.0,0.0,3
934.0,1.0,2.4,1.0,3.0,0.0,61.0,0.2,138.0,6.0,4.0,10.0,613.0,1180.0,14.0,12.0,16.0,0.0,1.0,0.0,0
1962.0,1.0,0.7,1.0,1.0,1.0,18.0,0.9,159.0,7.0,6.0,282.0,507.0,2026.0,10.0,3.0,15.0,1.0,0.0,1.0,1
574.0,1.0,0.5,1.0,0.0,0.0,41.0,0.8,85.0,6.0,13.0,288.0,502.0,1865.0,6.0,5.0,6.0,0.0,0.0,1.0,0
1078.0,1.0,2.5,0.0,3.0,0.0,56.0,0.6,158.0,2.0,6.0,257.0,1986.0,3471.0,10.0,2.0,2.0,1.0,0.0,0.0,3
761.0,0.0,1.3,0.0,15.0,1.0,37.0,0.9,174.0,8.0,16.0,867.0,1978.0,2270.0,9.0,1.0,4.0,1.0,1.0,0.0,2
1758.0,1.0,2.1,0.0,14.0,0.0,29.0,0.1,155.0,3.0,20.0,60.0,1151.0,2940.0,14.0,5.0,9.0,0.0,1.0,1.0,2
1745.0,1.0,2.0,0.0,13.0,0.0,47.0,0.6,154.0,2.0,18.0,1017.0,1953.0,1715.0,6.0,4.0,16.0,0.0,1.0,1.0,2
1657.0,1.0,1.9,0.0,1.0,1.0,40.0,0.2,170.0,3.0,6.0,518.0,1723.0,841.0,13.0,10.0,13.0,1.0,0.0,1.0,0
968.0,1.0,0.9,0.0,10.0,1.0,26.0,0.5,88.0,5.0,14.0,954.0,1159.0,3381.0,14.0,5.0,10.0,1.0,0.0,1.0,3
1329.0,0.0,2.8,1.0,1.0,0.0,10.0,1.0,105.0,4.0,10.0,871.0,1293.0,337.0,5.0,4.0,5.0,0.0,1.0,0.0,0
1923.0,0.0,0.5,0.0,2.0,1.0,13.0,0.7,147.0,2.0,4.0,927.0,1623.0,1868.0,11.0,6.0,3.0,1.0,1.0,0.0,2
613.0,0.0,2.5,0.0,0.0,0.0,53.0,0.4,200.0,8.0,0.0,519.0,586.0,1509.0,19.0,18.0,13.0,1.0,1.0,1.0,0
1268.0,0.0,2.7,0.0,4.0,0.0,53.0,0.5,141.0,1.0,9.0,682.0,862.0,2903.0,17.0,0.0,16.0,0.0,1.0,0.0,2
519.0,1.0,2.9,0.0,2.0,0.0,3.0,0.6,83.0,3.0,5.0,491.0,1527.0,1231.0,8.0,6.0,16.0,1.0,1.0,1.0,0
1157.0,1.0,2.8,1.0,16.0,0.0,19.0,0.5,87.0,8.0,18.0,137.0,1154.0,1403.0,6.0,1.0,4.0,1.0,1.0,1.0,1
519.0,0.0,0.6,1.0,7.0,1.0,45.0,0.1,186.0,7.0,11.0,1248.0,1733.0,1580.0,12.0,10.0,12.0,1.0,0.0,1.0,1
1308.0,1.0,2.2,1.0,1.0,0.0,51.0,0.2,113.0,5.0,17.0,1471.0,1604.0,1189.0,14.0,1.0,11.0,0.0,1.0,0.0,1
1403.0,1.0,0.5,0.0,4.0,1.0,42.0,0.5,144.0,8.0,9.0,1156.0,1252.0,1381.0,12.0,7.0,3.0,1.0,0.0,1.0,1
936.0,0.0,2.7,0.0,2.0,1.0,38.0,0.6,122.0,1.0,17.0,766.0,1263.0,2826.0,19.0,15.0,10.0,1.0,0.0,0.0,2
1878.0,0.0,0.8,1.0,8.0,0.0,31.0,0.5,183.0,7.0,10.0,1369.0,1389.0,1342.0,17.0,14.0,18.0,0.0,1.0,1.0,1
1141.0,1.0,2.9,1.0,1.0,1.0,2.0,1.0,92.0,2.0,4.0,456.0,1387.0,3386.0,6.0,0.0,11.0,1.0,0.0,0.0,3
794.0,1.0,2.7,0.0,2.0,1.0,3.0,0.3,127.0,2.0,18.0,1559.0,1729.0,1141.0,18.0,6.0,3.0,1.0,0.0,1.0,1
1260.0,0.0,1.9,1.0,3.0,0.0,60.0,0.9,85.0,2.0,6.0,973.0,1109.0,3964.0,15.0,8.0,18.0,1.0,0.0,1.0,3
1281.0,0.0,3.0,1.0,2.0,1.0,6.0,0.6,191.0,2.0,9.0,363.0,811.0,2713.0,13.0,7.0,4.0,1.0,1.0,0.0,2
1208.0,0.0,2.7,0.0,0.0,0.0,17.0,0.2,168.0,2.0,1.0,1686.0,1793.0,2165.0,9.0,1.0,19.0,1.0,1.0,1.0,2
1023.0,1.0,2.8,1.0,16.0,0.0,44.0,0.7,176.0,4.0,17.0,629.0,1158.0,1830.0,14.0,11.0,6.0,0.0,0.0,0.0,1
1515.0,0.0,2.2,0.0,9.0,0.0,36.0,0.1,118.0,3.0,10.0,796.0,1692.0,3546.0,7.0,6.0,10.0,1.0,1.0,1.0,3
1333.0,1.0,1.8,1.0,1.0,0.0,45.0,0.6,128.0,5.0,5.0,557.0,1716.0,2585.0,7.0,1.0,13.0,1.0,1.0,1.0,2
529.0,1.0,2.3,0.0,3.0,1.0,58.0,1.0,197.0,2.0,18.0,658.0,1294.0,873.0,11.0,5.0,4.0,1.0,1.0,0.0,0
1887.0,0.0,1.7,0.0,6.0,1.0,41.0,0.9,81.0,8.0,15.0,939.0,973.0,1664.0,19.0,14.0,14.0,1.0,0.0,0.0,2
876.0,0.0,2.7,0.0,12.0,1.0,41.0,0.3,92.0,7.0,16.0,140.0,512.0,3334.0,16.0,3.0,14.0,1.0,0.0,1.0,2
687.0,1.0,2.0,1.0,13.0,1.0,56.0,0.8,131.0,7.0,19.0,580.0,736.0,569.0,18.0,1.0,6.0,1.0,1.0,1.0,0
1153.0,1.0,2.8,1.0,0.0,1.0,62.0,0.2,94.0,5.0,0.0,186.0,1279.0,3353.0,7.0,5.0,10.0,1.0,0.0,0.0,3
1637.0,1.0,1.7,1.0,5.0,1.0,33.0,0.4,118.0,6.0,16.0,1375.0,1474.0,3693.0,7.0,3.0,8.0,1.0,0.0,0.0,3
1131.0,1.0,0.8,0.0,0.0,1.0,27.0,0.9,162.0,5.0,16.0,487.0,870.0,503.0,12.0,5.0,19.0,1.0,1.0,0.0,0
1764.0,1.0,1.2,0.0,0.0,1.0,8.0,1.0,125.0,3.0,1.0,180.0,1443.0,2406.0,19.0,18.0,18.0,1.0,0.0,1.0,2
1544.0,0.0,1.0,1.0,2.0,1.0,64.0,0.3,193.0,1.0,6.0,595.0,675.0,1715.0,8.0,0.0,16.0,1.0,1.0,1.0,1
844.0,1.0,0.7,0.0,3.0,1.0,22.0,0.9,172.0,7.0,4.0,241.0,926.0,2179.0,10.0,6.0,6.0,1.0,1.0,1.0,1
985.0,1.0,0.5,1.0,4.0,1.0,5.0,0.8,158.0,8.0,9.0,19.0,1496.0,3071.0,14.0,4.0,16.0,1.0,1.0,0.0,2
703.0,0.0,1.3,1.0,6.0,1.0,18.0,0.1,178.0,1.0,9.0,1182.0,1697.0,355.0,8.0,6.0,3.0,1.0,1.0,1.0,0
1906.0,0.0,0.9,1.0,3.0,0.0,14.0,0.5,114.0,4.0,12.0,199.0,867.0,3375.0,6.0,3.0,19.0,1.0,0.0,1.0,3
617.0,0.0,2.1,1.0,11.0,0.0,40.0,0.9,108.0,1.0,18.0,659.0,1318.0,2921.0,17.0,1.0,19.0,0.0,0.0,0.0,2
617.0,1.0,0.6,0.0,7.0,0.0,47.0,0.5,153.0,8.0,18.0,356.0,838.0,341.0,11.0,3.0,5.0,0.0,1.0,1.0,0
716.0,1.0,1.3,1.0,0.0,1.0,56.0,0.7,167.0,1.0,2.0,390.0,722.0,3947.0,6.0,3.0,5.0,1.0,1.0,1.0,3
676.0,0.0,1.0,0.0,1.0,1.0,54.0,0.8,182.0,5.0,2.0,805.0,1710.0,2650.0,5.0,0.0,3.0,1.0,0.0,0.0,2
1770.0,1.0,2.0,0.0,8.0,0.0,12.0,0.8,118.0,2.0,9.0,57.0,891.0,3816.0,8.0,4.0,19.0,1.0,0.0,0.0,3
1857.0,0.0,1.9,1.0,0.0,0.0,62.0,0.6,147.0,1.0,0.0,1028.0,1465.0,336.0,19.0,0.0,5.0,0.0,0.0,0.0,0
524.0,0.0,0.9,1.0,8.0,1.0,10.0,0.1,85.0,7.0,14.0,287.0,655.0,625.0,6.0,0.0,4.0,1.0,1.0,1.0,0
576.0,0.0,0.9,1.0,8.0,0.0,56.0,0.1,174.0,5.0,17.0,1371.0,1426.0,3891.0,12.0,9.0,18.0,0.0,0.0,1.0,3
553.0,1.0,0.5,1.0,2.0,1.0,8.0,0.5,153.0,4.0,3.0,525.0,1601.0,1042.0,15.0,11.0,15.0,1.0,0.0,1.0,0
1012.0,1.0,2.2,1.0,10.0,1.0,8.0,1.0,181.0,3.0,12.0,1176.0,1496.0,2141.0,18.0,14.0,15.0,1.0,1.0,0.0,2
823.0,0.0,2.5,0.0,11.0,1.0,24.0,0.5,195.0,5.0,15.0,1364.0,1516.0,2279.0,6.0,4.0,3.0,1.0,0.0,1.0,2
1928.0,0.0,0.5,1.0,5.0,0.0,44.0,0.9,109.0,8.0,19.0,701.0,1156.0,3828.0,9.0,4.0,12.0,1.0,0.0,0.0,3
804.0,0.0,1.5,0.0,5.0,1.0,12.0,1.0,183.0,1.0,10.0,1805.0,1978.0,2310.0,10.0,8.0,13.0,1.0,0.0,0.0,2
1517.0,0.0,1.6,1.0,0.0,1.0,42.0,0.7,101.0,3.0,1.0,483.0,1814.0,2162.0,9.0,0.0,18.0,1.0,1.0,0.0,2
1500.0,0.0,2.8,1.0,7.0,0.0,39.0,0.1,176.0,8.0,11.0,808.0,1889.0,1988.0,10.0,6.0,10.0,1.0,0.0,0.0,2
1425.0,1.0,1.2,0.0,4.0,1.0,37.0,0.7,135.0,7.0,6.0,666.0,1220.0,2786.0,17.0,1.0,19.0,1.0,0.0,0.0,2
547.0,0.0,2.4,1.0,4.0,1.0,3.0,0.4,197.0,8.0,5.0,98.0,1506.0,1972.0,11.0,5.0,3.0,1.0,1.0,0.0,1
1886.0,0.0,3.0,0.0,13.0,1.0,26.0,0.5,115.0,1.0,17.0,339.0,1670.0,1828.0,5.0,3.0,15.0,1.0,1.0,0.0,2
1804.0,1.0,0.5,0.0,1.0,1.0,4.0,0.5,111.0,1.0,13.0,1235.0,1255.0,3286.0,17.0,8.0,17.0,1.0,0.0,0.0,3
685.0,0.0,2.2,1.0,2.0,1.0,2.0,0.4,172.0,3.0,6.0,295.0,558.0,1282.0,7.0,6.0,10.0,1.0,1.0,1.0,0
1352.0,0.0,0.5,1.0,8.0,1.0,22.0,0.9,111.0,2.0,12.0,346.0,682.0,1562.0,16.0,5.0,11.0,1.0,0.0,0.0,1
1785.0,1.0,2.5,0.0,0.0,0.0,18.0,0.1,180.0,4.0,1.0,116.0,518.0,1202.0,12.0,4.0,18.0,0.0,0.0,1.0,0
1300.0,0.0,1.9,1.0,4.0,0.0,61.0,0.5,143.0,6.0,5.0,353.0,758.0,2262.0,16.0,11.0,10.0,0.0,0.0,0.0,1
1184.0,1.0,2.1,0.0,2.0,1.0,33.0,0.5,199.0,8.0,5.0,483.0,1598.0,2828.0,6.0,4.0,15.0,1.0,1.0,1.0,2
1180.0,0.0,2.3,1.0,7.0,1.0,24.0,0.2,198.0,2.0,16.0,486.0,1671.0,2025.0,8.0,0.0,19.0,1.0,0.0,0.0,1
886.0,1.0,0.9,1.0,13.0,1.0,2.0,0.6,102.0,4.0,15.0,287.0,695.0,621.0,11.0,4.0,7.0,1.0,1.0,0.0,0
1309.0,0.0,1.5,0.0,9.0,1.0,12.0,0.9,98.0,6.0,20.0,871.0,1484.0,293.0,15.0,0.0,9.0,1.0,1.0,0.0,0
744.0,0.0,0.5,0.0,1.0,0.0,38.0,0.3,188.0,3.0,5.0,846.0,1701.0,2001.0,15.0,13.0,17.0,1.0,1.0,0.0,1
1408.0,1.0,2.0,1.0,1.0,1.0,59.0,0.9,172.0,6.0,3.0,744.0,1211.0,393.0,15.0,11.0,16.0,1.0,0.0,1.0,0
734.0,1.0,2.7,1.0,1.0,1.0,32.0,0.8,93.0,8.0,5.0,138.0,1042.0,714.0,13.0,7.0,16.0,1.0,0.0,1.0,0
500.0,0.0,1.4,0.0,0.0,0.0,28.0,0.4,128.0,3.0,1.0,1010.0,1854.0,3460.0,9.0,3.0,3.0,1.0,1.0,1.0,3
1745.0,0.0,2.8,1.0,0.0,0.0,45.0,0.7,186.0,1.0,0.0,699.0,766.0,1019.0,6.0,4.0,5.0,0.0,1.0,0.0,0
1296.0,1.0,1.0,1.0,6.0,0.0,43.0,0.2,171.0,3.0,13.0,501.0,609.0,1692.0,15.0,0.0,18.0,1.0,0.0,0.0,1
1256.0,0.0,0.5,0.0,15.0,1.0,51.0,0.6,83.0,2.0,18.0,436.0,1308.0,2213.0,13.0,9.0,12.0,1.0,1.0,0.0,2
782.0,1.0,1.8,1.0,8.0,0.0,20.0,0.6,109.0,5.0,19.0,406.0,1025.0,655.0,17.0,4.0,13.0,0.0,1.0,0.0,0
965.0,1.0,0.8,0.0,5.0,0.0,24.0,0.7,105.0,4.0,7.0,403.0,718.0,1567.0,5.0,0.0,8.0,0.0,0.0,0.0,1
652.0,1.0,2.9,1.0,4.0,1.0,14.0,0.2,196.0,6.0,18.0,248.0,1487.0,1706.0,12.0,4.0,5.0,1.0,0.0,0.0,1
1847.0,0.0,2.8,1.0,6.0,0.0,29.0,0.7,112.0,7.0,13.0,1236.0,1374.0,1017.0,16.0,7.0,11.0,1.0,1.0,0.0,1
1363.0,1.0,2.1,1.0,9.0,1.0,46.0,0.5,120.0,4.0,19.0,1247.0,1338.0,2951.0,7.0,0.0,3.0,1.0,0.0,0.0,3
1946.0,0.0,0.5,0.0,0.0,1.0,39.0,0.4,112.0,5.0,1.0,198.0,1045.0,533.0,18.0,14.0,17.0,1.0,1.0,1.0,0
1701.0,1.0,1.6,1.0,2.0,1.0,53.0,0.8,88.0,6.0,14.0,1281.0,1776.0,3340.0,14.0,11.0,19.0,1.0,1.0,0.0,3
1754.0,1.0,0.5,1.0,13.0,0.0,38.0,0.9,83.0,6.0,20.0,141.0,808.0,2765.0,6.0,4.0,7.0,1.0,1.0,0.0,2
1938.0,0.0,2.9,0.0,0.0,1.0,37.0,1.0,94.0,4.0,1.0,1001.0,1714.0,3881.0,5.0,1.0,14.0,1.0,1.0,0.0,3
992.0,1.0,2.6,1.0,10.0,0.0,52.0,0.3,107.0,7.0,12.0,663.0,1521.0,332.0,14.0,9.0,7.0,0.0,0.0,1.0,0
897.0,0.0,2.4,1.0,7.0,1.0,38.0,0.8,110.0,2.0,9.0,1610.0,1612.0,519.0,6.0,5.0,7.0,1.0,1.0,0.0,0
1423.0,1.0,0.5,1.0,7.0,0.0,58.0,0.9,112.0,3.0,9.0,993.0,1295.0,1683.0,15.0,13.0,16.0,0.0,1.0,1.0,1
1343.0,0.0,0.5,1.0,6.0,1.0,23.0,0.4,97.0,5.0,17.0,643.0,817.0,2629.0,13.0,7.0,11.0,1.0,0.0,1.0,2
761.0,1.0,2.6,0.0,5.0,1.0,52.0,0.8,141.0,3.0,18.0,883.0,985.0,2587.0,11.0,5.0,6.0,1.0,1.0,1.0,2
1742.0,0.0,1.4,1.0,3.0,1.0,20.0,0.1,134.0,8.0,6.0,392.0,831.0,1828.0,18.0,7.0,13.0,1.0,1.0,1.0,1
1181.0,1.0,0.8,1.0,0.0,1.0,51.0,0.9,198.0,5.0,5.0,71.0,586.0,608.0,15.0,10.0,19.0,1.0,0.0,0.0,0
1754.0,0.0,1.7,1.0,1.0,1.0,58.0,0.9,197.0,3.0,17.0,823.0,1035.0,1446.0,18.0,3.0,2.0,1.0,1.0,1.0,1
1315.0,1.0,0.5,1.0,0.0,1.0,58.0,0.8,86.0,2.0,3.0,245.0,1064.0,2258.0,17.0,2.0,16.0,1.0,1.0,0.0,2
649.0,0.0,2.9,0.0,0.0,0.0,38.0,0.5,130.0,1.0,10.0,893.0,1185.0,558.0,8.0,4.0,11.0,1.0,1.0,1.0,0
1967.0,1.0,0.6,0.0,2.0,0.0,25.0,1.0,109.0,6.0,9.0,108.0,751.0,1666.0,9.0,7.0,18.0,1.0,1.0,1.0,1
926.0,0.0,1.7,0.0,2.0,0.0,12.0,0.8,179.0,2.0,9.0,801.0,880.0,2244.0,14.0,8.0,14.0,0.0,0.0,1.0,1
933.0,0.0,1.8,1.0,9.0,0.0,33.0,0.2,191.0,8.0,19.0,129.0,925.0,758.0,14.0,13.0,8.0,0.0,0.0,0.0,0
913.0,0.0,1.7,1.0,12.0,0.0,58.0,0.2,200.0,5.0,14.0,849.0,1993.0,1061.0,17.0,12.0,5.0,0.0,0.0,0.0,0
1651.0,0.0,0.5,0.0,1.0,1.0,57.0,0.2,193.0,1.0,6.0,697.0,924.0,3421.0,9.0,0.0,15.0,1.0,1.0,1.0,3
1154.0,1.0,1.7,0.0,5.0,1.0,42.0,0.5,117.0,5.0,7.0,1068.0,1851.0,3950.0,17.0,14.0,19.0,1.0,1.0,0.0,3
1181.0,1.0,1.6,1.0,5.0,1.0,32.0,0.2,181.0,1.0,16.0,450.0,623.0,1435.0,11.0,10.0,13.0,1.0,1.0,0.0,0
1933.0,0.0,0.5,1.0,0.0,0.0,63.0,0.4,181.0,8.0,6.0,242.0,668.0,3142.0,14.0,3.0,16.0,1.0,1.0,1.0,3
1341.0,0.0,1.4,0.0,8.0,1.0,38.0,1.0,170.0,5.0,10.0,601.0,937.0,1579.0,16.0,4.0,19.0,1.0,0.0,1.0,1
534.0,1.0,1.5,1.0,3.0,1.0,3.0,0.3,89.0,1.0,8.0,45.0,517.0,2987.0,18.0,0.0,16.0,1.0,0.0,1.0,1
1324.0,1.0,0.9,1.0,7.0,1.0,28.0,0.7,95.0,6.0,8.0,1243.0,1928.0,3269.0,12.0,3.0,19.0,1.0,1.0,1.0,3
1803.0,1.0,2.6,0.0,7.0,1.0,9.0,0.9,112.0,2.0,12.0,156.0,1289.0,406.0,9.0,3.0,5.0,1.0,0.0,0.0,0
1888.0,1.0,2.7,0.0,1.0,1.0,53.0,0.1,146.0,4.0,3.0,81.0,630.0,1604.0,10.0,6.0,6.0,1.0,1.0,1.0,1
1540.0,0.0,1.0,0.0,4.0,1.0,40.0,0.4,162.0,5.0,7.0,93.0,1644.0,793.0,12.0,7.0,3.0,1.0,0.0,0.0,0
1590.0,1.0,2.4,0.0,5.0,0.0,15.0,0.9,157.0,8.0,6.0,945.0,1015.0,1983.0,13.0,10.0,11.0,1.0,0.0,0.0,2
1183.0,0.0,0.5,1.0,11.0,0.0,24.0,0.6,130.0,2.0,16.0,19.0,769.0,2637.0,16.0,1.0,6.0,1.0,1.0,1.0,2
1774.0,1.0,0.5,1.0,1.0,0.0,45.0,0.8,145.0,4.0,16.0,217.0,1159.0,879.0,10.0,0.0,3.0,0.0,0.0,0.0,0
1159.0,0.0,2.1,0.0,2.0,1.0,27.0,0.7,137.0,1.0,15.0,1526.0,1805.0,3258.0,8.0,0.0,2.0,1.0,0.0,0.0,3
723.0,1.0,1.9,1.0,0.0,1.0,10.0,0.5,159.0,1.0,3.0,303.0,779.0,2380.0,12.0,4.0,16.0,1.0,0.0,0.0,1
543.0,0.0,0.9,0.0,3.0,1.0,6.0,0.4,91.0,1.0,9.0,272.0,1317.0,564.0,8.0,5.0,12.0,1.0,0.0,1.0,0
1348.0,1.0,0.5,1.0,18.0,0.0,40.0,0.1,148.0,1.0,20.0,539.0,665.0,3543.0,12.0,1.0,11.0,0.0,0.0,0.0,3
1836.0,0.0,0.6,0.0,18.0,1.0,57.0,0.8,111.0,5.0,20.0,169.0,876.0,1039.0,5.0,3.0,8.0,1.0,1.0,1.0,0
1290.0,0.0,1.3,0.0,0.0,0.0,31.0,0.7,117.0,8.0,0.0,599.0,750.0,1895.0,11.0,9.0,12.0,0.0,1.0,1.0,1
645.0,1.0,2.9,1.0,3.0,0.0,5.0,0.1,185.0,3.0,6.0,446.0,1573.0,1315.0,11.0,1.0,4.0,1.0,0.0,0.0,0
1654.0,0.0,2.0,0.0,2.0,0.0,58.0,0.7,119.0,7.0,3.0,460.0,1733.0,2801.0,8.0,0.0,5.0,1.0,0.0,0.0,3
1156.0,1.0,2.3,1.0,0.0,1.0,3.0,1.0,95.0,2.0,0.0,1094.0,1518.0,3786.0,11.0,1.0,2.0,1.0,1.0,0.0,3
1341.0,1.0,2.6,0.0,4.0,0.0,43.0,0.4,194.0,6.0,8.0,1096.0,1683.0,3065.0,6.0,5.0,11.0,0.0,1.0,0.0,3
1427.0,0.0,0.6,0.0,8.0,1.0,40.0,0.8,121.0,8.0,12.0,249.0,1541.0,2338.0,10.0,8.0,4.0,1.0,0.0,0.0,2
1541.0,0.0,1.6,0.0,1.0,1.0,7.0,0.5,143.0,8.0,14.0,287.0,1791.0,3137.0,9.0,0.0,11.0,1.0,1.0,0.0,3
1693.0,1.0,1.4,0.0,9.0,0.0,41.0,0.1,139.0,2.0,17.0,181.0,1760.0,575.0,16.0,5.0,20.0,0.0,0.0,1.0,0
1567.0,0.0,3.0,0.0,13.0,0.0,23.0,0.6,178.0,3.0,18.0,995.0,1215.0,3600.0,16.0,11.0,9.0,1.0,1.0,1.0,3
1564.0,0.0,1.7,0.0,5.0,0.0,35.0,0.9,173.0,4.0,6.0,186.0,1210.0,2545.0,18.0,6.0,4.0,1.0,1.0,1.0,2
1787.0,0.0,1.1,0.0,4.0,0.0,11.0,0.4,103.0,7.0,9.0,35.0,757.0,541.0,14.0,11.0,13.0,1.0,1.0,1.0,0
770.0,1.0,0.6,0.0,12.0,1.0,33.0,0.4,90.0,2.0,14.0,128.0,657.0,1686.0,18.0,2.0,18.0,1.0,0.0,1.0,0
1748.0,1.0,0.8,0.0,1.0,0.0,7.0,0.5,189.0,7.0,4.0,196.0,802.0,989.0,12.0,7.0,8.0,0.0,1.0,0.0,0
1859.0,0.0,0.5,1.0,0.0,1.0,47.0,0.1,85.0,7.0,0.0,35.0,1706.0,2691.0,14.0,13.0,19.0,1.0,0.0,1.0,3
975.0,1.0,0.9,0.0,5.0,0.0,6.0,0.6,163.0,6.0,17.0,769.0,1669.0,3787.0,8.0,7.0,18.0,0.0,0.0,0.0,3
1597.0,0.0,0.9,1.0,2.0,1.0,10.0,0.6,172.0,7.0,5.0,1455.0,1670.0,2138.0,12.0,7.0,18.0,1.0,0.0,0.0,2
1941.0,0.0,2.3,1.0,9.0,0.0,42.0,0.7,108.0,4.0,12.0,36.0,726.0,763.0,13.0,3.0,14.0,0.0,1.0,1.0,0
1061.0,0.0,2.6,1.0,6.0,0.0,49.0,0.6,133.0,7.0,20.0,1009.0,1222.0,2260.0,19.0,16.0,2.0,0.0,0.0,1.0,2
1620.0,1.0,2.0,1.0,7.0,1.0,11.0,0.5,191.0,4.0,11.0,495.0,1668.0,1732.0,13.0,2.0,13.0,1.0,0.0,1.0,1
1366.0,1.0,1.3,0.0,5.0,0.0,51.0,1.0,129.0,3.0,15.0,875.0,1760.0,2716.0,17.0,15.0,2.0,0.0,1.0,0.0,3
1324.0,0.0,1.7,1.0,9.0,0.0,46.0,0.1,107.0,2.0,19.0,59.0,553.0,1424.0,16.0,7.0,13.0,1.0,0.0,0.0,0
1363.0,1.0,2.6,1.0,1.0,1.0,39.0,0.2,129.0,5.0,2.0,550.0,1248.0,267.0,6.0,1.0,15.0,1.0,1.0,0.0,0
1570.0,1.0,2.8,0.0,0.0,1.0,18.0,0.4,148.0,5.0,13.0,509.0,544.0,3153.0,6.0,2.0,7.0,1.0,1.0,1.0,2
1524.0,0.0,2.1,1.0,6.0,1.0,64.0,0.4,83.0,5.0,16.0,351.0,592.0,2905.0,6.0,1.0,2.0,1.0,1.0,1.0,2
1179.0,0.0,2.1,0.0,0.0,0.0,2.0,0.3,93.0,3.0,0.0,481.0,536.0,1435.0,19.0,13.0,2.0,0.0,1.0,0.0,0
1555.0,0.0,0.5,1.0,8.0,1.0,2.0,0.9,90.0,2.0,11.0,57.0,516.0,3596.0,11.0,6.0,6.0,1.0,1.0,1.0,3
981.0,1.0,0.5,1.0,1.0,0.0,15.0,0.5,159.0,5.0,10.0,74.0,1485.0,1831.0,17.0,10.0,7.0,1.0,1.0,1.0,1
1920.0,1.0,2.5,0.0,6.0,1.0,8.0,0.4,194.0,1.0,7.0,588.0,1125.0,2099.0,10.0,5.0,4.0,1.0,1.0,1.0,2
1470.0,0.0,0.5,0.0,0.0,0.0,54.0,0.1,84.0,6.0,1.0,556.0,1512.0,1790.0,16.0,7.0,19.0,0.0,1.0,1.0,1
1986.0,0.0,0.8,0.0,5.0,1.0,13.0,0.2,108.0,8.0,7.0,757.0,1962.0,1190.0,7.0,5.0,17.0,1.0,1.0,0.0,1
1371.0,0.0,2.8,1.0,2.0,1.0,19.0,0.6,94.0,4.0,3.0,1023.0,1676.0,1767.0,6.0,1.0,8.0,1.0,0.0,1.0,2
1852.0,0.0,1.6,1.0,5.0,1.0,25.0,0.1,85.0,3.0,15.0,588.0,1353.0,3199.0,8.0,4.0,4.0,1.0,0.0,0.0,3
1472.0,0.0,1.4,1.0,7.0,0.0,6.0,0.1,182.0,8.0,10.0,861.0,1131.0,1621.0,17.0,0.0,19.0,1.0,0.0,1.0,1
1055.0,1.0,1.2,1.0,18.0,1.0,29.0,0.8,101.0,6.0,19.0,159.0,579.0,2364.0,13.0,3.0,3.0,1.0,1.0,1.0,1
1371.0,1.0,2.1,1.0,0.0,0.0,3.0,0.3,173.0,2.0,12.0,35.0,785.0,2202.0,15.0,14.0,5.0,1.0,1.0,1.0,1
782.0,0.0,1.1,0.0,0.0,1.0,38.0,0.4,199.0,7.0,2.0,349.0,1910.0,2753.0,14.0,13.0,20.0,1.0,0.0,1.0,2
1452.0,1.0,0.9,1.0,6.0,1.0,36.0,0.5,82.0,5.0,12.0,667.0,1680.0,1005.0,12.0,4.0,15.0,1.0,0.0,1.0,1
519.0,1.0,2.0,1.0,11.0,1.0,33.0,0.7,135.0,1.0,12.0,527.0,889.0,889.0,19.0,3.0,9.0,1.0,1.0,0.0,0
1989.0,0.0,1.8,1.0,16.0,1.0,10.0,0.9,86.0,3.0,18.0,135.0,576.0,2158.0,14.0,8.0,4.0,1.0,0.0,0.0,2
1754.0,0.0,1.6,0.0,0.0,0.0,15.0,0.1,166.0,5.0,1.0,318.0,1810.0,1966.0,12.0,7.0,7.0,1.0,0.0,0.0,2
1329.0,0.0,1.0,0.0,3.0,1.0,42.0,0.1,144.0,7.0,4.0,579.0,896.0,774.0,14.0,8.0,10.0,1.0,1.0,1.0,0
1093.0,0.0,1.1,1.0,0.0,0.0,42.0,0.4,114.0,1.0,4.0,762.0,1425.0,2856.0,12.0,3.0,2.0,0.0,0.0,1.0,2
986.0,1.0,2.2,1.0,5.0,1.0,38.0,0.3,95.0,7.0,9.0,5.0,1359.0,343.0,15.0,13.0,12.0,1.0,1.0,0.0,0
848.0,0.0,1.1,1.0,7.0,1.0,39.0,0.4,107.0,4.0,16.0,1768.0,1812.0,475.0,18.0,4.0,16.0,1.0,0.0,0.0,0
1146.0,0.0,0.5,1.0,4.0,1.0,21.0,0.5,152.0,7.0,6.0,841.0,994.0,1182.0,15.0,2.0,19.0,1.0,0.0,0.0,0
841.0,1.0,0.5,0.0,0.0,0.0,59.0,0.2,103.0,6.0,16.0,258.0,1642.0,1169.0,8.0,6.0,10.0,0.0,0.0,0.0,0
1140.0,1.0,0.9,1.0,0.0,0.0,40.0,0.1,119.0,3.0,1.0,211.0,555.0,3386.0,13.0,4.0,2.0,1.0,0.0,0.0,2
1091.0,1.0,1.8,1.0,4.0,0.0,8.0,0.5,100.0,3.0,8.0,650.0,922.0,3626.0,5.0,0.0,14.0,1.0,1.0,1.0,3
1360.0,0.0,0.7,0.0,8.0,1.0,25.0,0.4,108.0,7.0,20.0,493.0,681.0,3934.0,16.0,4.0,5.0,1.0,0.0,0.0,3
1038.0,0.0,1.0,0.0,2.0,0.0,28.0,0.2,154.0,4.0,6.0,1019.0,1246.0,3913.0,11.0,1.0,16.0,1.0,1.0,0.0,3
1111.0,0.0,2.5,1.0,4.0,0.0,46.0,0.4,152.0,1.0,11.0,110.0,1981.0,851.0,14.0,8.0,2.0,0.0,0.0,0.0,0
1220.0,0.0,0.5,1.0,8.0,0.0,52.0,0.8,121.0,3.0,19.0,892.0,1470.0,1458.0,18.0,12.0,19.0,0.0,1.0,1.0,1
1636.0,1.0,1.8,0.0,9.0,0.0,52.0,0.9,188.0,5.0,11.0,555.0,635.0,2363.0,13.0,0.0,9.0,0.0,0.0,1.0,2
1800.0,1.0,1.6,1.0,2.0,0.0,23.0,0.8,187.0,2.0,8.0,179.0,1137.0,1966.0,15.0,2.0,7.0,0.0,0.0,0.0,1
674.0,1.0,2.4,0.0,5.0,0.0,49.0,0.6,130.0,1.0,9.0,4.0,1936.0,2179.0,8.0,0.0,20.0,1.0,1.0,0.0,1
1591.0,1.0,2.4,0.0,4.0,0.0,3.0,0.5,192.0,8.0,5.0,669.0,700.0,615.0,19.0,6.0,12.0,1.0,0.0,1.0,0
1190.0,0.0,0.8,0.0,5.0,0.0,61.0,0.6,145.0,3.0,16.0,345.0,1044.0,305.0,7.0,0.0,14.0,0.0,1.0,0.0,0
572.0,0.0,2.8,0.0,4.0,1.0,35.0,0.2,99.0,6.0,5.0,563.0,1539.0,3106.0,12.0,1.0,16.0,1.0,0.0,0.0,2
1143.0,1.0,2.9,0.0,0.0,0.0,64.0,1.0,143.0,8.0,0.0,381.0,535.0,2080.0,16.0,5.0,15.0,0.0,1.0,1.0,1
1492.0,0.0,0.5,0.0,13.0,0.0,36.0,0.4,185.0,1.0,16.0,444.0,1764.0,592.0,10.0,7.0,18.0,0.0,0.0,1.0,0
1825.0,1.0,2.3,0.0,9.0,1.0,27.0,0.8,163.0,8.0,11.0,48.0,1005.0,2502.0,15.0,11.0,2.0,1.0,0.0,1.0,2
1450.0,1.0,2.4,0.0,2.0,1.0,45.0,0.6,83.0,5.0,8.0,221.0,648.0,941.0,13.0,12.0,7.0,1.0,0.0,1.0,0
1629.0,1.0,2.3,0.0,4.0,0.0,48.0,0.4,121.0,1.0,8.0,1260.0,1634.0,2532.0,5.0,4.0,14.0,1.0,0.0,0.0,3
669.0,0.0,0.5,1.0,0.0,0.0,46.0,0.7,144.0,2.0,0.0,486.0,1854.0,2981.0,17.0,7.0,14.0,0.0,0.0,1.0,2
575.0,1.0,1.1,0.0,2.0,0.0,10.0,0.2,163.0,5.0,11.0,615.0,1825.0,2956.0,17.0,7.0,20.0,1.0,0.0,1.0,2
900.0,1.0,2.8,0.0,3.0,0.0,56.0,0.9,112.0,4.0,18.0,638.0,721.0,2281.0,8.0,2.0,14.0,1.0,1.0,1.0,1
1057.0,1.0,0.5,0.0,4.0,1.0,42.0,0.7,112.0,7.0,7.0,809.0,824.0,2688.0,6.0,3.0,3.0,1.0,0.0,0.0,2
1247.0,0.0,0.8,1.0,16.0,0.0,24.0,0.8,116.0,5.0,20.0,1114.0,1350.0,522.0,9.0,2.0,20.0,0.0,1.0,1.0,0
1992.0,1.0,1.3,1.0,8.0,1.0,43.0,1.0,153.0,5.0,15.0,0.0,883.0,2179.0,7.0,6.0,20.0,1.0,1.0,0.0,2
974.0,0.0,2.1,0.0,1.0,1.0,17.0,0.7,162.0,4.0,3.0,346.0,514.0,1901.0,16.0,0.0,9.0,1.0,0.0,1.0,1
1715.0,1.0,0.5,1.0,8.0,1.0,47.0,0.4,116.0,8.0,9.0,900.0,1219.0,3163.0,18.0,15.0,11.0,1.0,0.0,1.0,3
1570.0,0.0,0.5,0.0,15.0,1.0,26.0,0.6,157.0,2.0,20.0,319.0,1406.0,426.0,8.0,0.0,11.0,1.0,0.0,0.0,0
1724.0,0.0,2.0,1.0,1.0,0.0,21.0,0.2,105.0,2.0,8.0,102.0,1609.0,695.0,16.0,0.0,12.0,1.0,1.0,0.0,0
1886.0,1.0,1.6,0.0,0.0,1.0,47.0,0.1,180.0,5.0,6.0,362.0,1606.0,3287.0,12.0,3.0,17.0,1.0,0.0,1.0,3
1177.0,0.0,2.4,1.0,7.0,1.0,38.0,0.7,162.0,6.0,16.0,1228.0,1975.0,1880.0,16.0,4.0,18.0,1.0,1.0,1.0,2
1036.0,0.0,1.4,1.0,6.0,1.0,37.0,0.5,184.0,7.0,10.0,416.0,523.0,3864.0,5.0,2.0,13.0,1.0,1.0,1.0,3
1336.0,1.0,2.6,0.0,7.0,0.0,26.0,0.5,83.0,5.0,17.0,238.0,1402.0,325.0,8.0,2.0,9.0,1.0,0.0,0.0,0
1004.0,0.0,1.9,0.0,12.0,0.0,24.0,0.8,128.0,8.0,17.0,793.0,1537.0,650.0,6.0,0.0,17.0,0.0,1.0,0.0,0
1123.0,1.0,2.9,1.0,10.0,0.0,5.0,0.1,145.0,3.0,15.0,670.0,1557.0,2567.0,11.0,8.0,10.0,0.0,1.0,1.0,2
1730.0,0.0,1.3,1.0,2.0,1.0,48.0,0.4,198.0,2.0,13.0,1445.0,1934.0,2452.0,8.0,2.0,11.0,1.0,1.0,1.0,3
1890.0,0.0,2.1,1.0,13.0,1.0,17.0,0.5,127.0,4.0,17.0,973.0,1546.0,2585.0,5.0,2.0,14.0,1.0,1.0,1.0,3
1055.0,1.0,3.0,1.0,1.0,0.0,56.0,0.6,111.0,7.0,8.0,806.0,861.0,1532.0,5.0,0.0,13.0,1.0,0.0,0.0,1
805.0,1.0,2.4,1.0,2.0,0.0,59.0,0.7,110.0,1.0,3.0,900.0,1984.0,2917.0,12.0,2.0,20.0,1.0,1.0,0.0,3
608.0,0.0,1.3,1.0,15.0,1.0,2.0,0.4,139.0,3.0,16.0,98.0,643.0,3635.0,13.0,4.0,8.0,1.0,0.0,0.0,2
1130.0,0.0,0.6,0.0,5.0,0.0,51.0,0.5,175.0,8.0,12.0,296.0,585.0,2098.0,5.0,2.0,18.0,1.0,0.0,0.0,1
1208.0,1.0,0.7,0.0,8.0,0.0,13.0,0.9,86.0,3.0,18.0,763.0,865.0,484.0,11.0,9.0,3.0,1.0,1.0,1.0,0
535.0,0.0,1.3,0.0,1.0,0.0,53.0,0.5,151.0,7.0,3.0,313.0,744.0,720.0,10.0,2.0,16.0,0.0,1.0,0.0,0
1191.0,1.0,1.7,0.0,1.0,0.0,7.0,0.4,102.0,3.0,2.0,1354.0,1418.0,2734.0,18.0,5.0,15.0,1.0,1.0,0.0,3
922.0,0.0,2.7,1.0,0.0,1.0,3.0,0.5,100.0,4.0,0.0,253.0,1364.0,3910.0,18.0,8.0,10.0,1.0,0.0,0.0,3
966.0,1.0,0.5,0.0,3.0,0.0,37.0,0.7,123.0,3.0,7.0,1390.0,1896.0,817.0,6.0,5.0,20.0,1.0,0.0,0.0,1
1351.0,1.0,0.7,0.0,10.0,0.0,48.0,0.5,134.0,8.0,16.0,700.0,727.0,3781.0,15.0,0.0,5.0,0.0,0.0,1.0,3
732.0,0.0,1.3,1.0,12.0,1.0,48.0,0.5,141.0,4.0,16.0,663.0,1813.0,832.0,18.0,10.0,4.0,1.0,0.0,0.0,0
1005.0,0.0,2.0,1.0,9.0,1.0,11.0,0.8,132.0,1.0,16.0,218.0,1123.0,939.0,11.0,4.0,8.0,1.0,1.0,1.0,0
1575.0,1.0,2.4,1.0,2.0,0.0,22.0,0.7,81.0,2.0,7.0,142.0,1160.0,1091.0,16.0,8.0,7.0,0.0,0.0,1.0,0
1427.0,0.0,2.8,1.0,10.0,1.0,11.0,0.5,155.0,1.0,14.0,169.0,1784.0,2417.0,9.0,3.0,8.0,1.0,1.0,0.0,2
1306.0,1.0,2.9,0.0,5.0,0.0,26.0,0.9,145.0,4.0,12.0,67.0,1247.0,2552.0,17.0,0.0,8.0,0.0,0.0,1.0,2
1911.0,1.0,1.1,0.0,3.0,0.0,25.0,0.4,106.0,5.0,12.0,426.0,659.0,1251.0,11.0,0.0,2.0,1.0,0.0,0.0,1
1170.0,1.0,2.2,0.0,4.0,1.0,63.0,0.7,83.0,1.0,5.0,442.0,1905.0,2658.0,11.0,10.0,11.0,1.0,0.0,1.0,2
1278.0,0.0,1.5,1.0,6.0,0.0,64.0,0.2,146.0,8.0,13.0,764.0,1521.0,339.0,6.0,1.0,12.0,0.0,1.0,0.0,0
1709.0,0.0,0.5,0.0,0.0,1.0,55.0,0.8,144.0,3.0,3.0,235.0,1310.0,3124.0,15.0,7.0,19.0,1.0,1.0,0.0,3
1904.0,0.0,0.8,1.0,2.0,1.0,27.0,0.6,198.0,6.0,7.0,1102.0,1442.0,2387.0,5.0,4.0,19.0,1.0,0.0,1.0,2
1741.0,1.0,0.5,1.0,6.0,0.0,37.0,0.7,183.0,1.0,16.0,9.0,1562.0,1415.0,17.0,9.0,10.0,0.0,0.0,1.0,1
1288.0,1.0,0.5,1.0,0.0,0.0,48.0,0.5,92.0,6.0,3.0,793.0,1021.0,2465.0,5.0,4.0,16.0,0.0,1.0,0.0,2
1976.0,0.0,2.5,1.0,4.0,0.0,33.0,0.7,196.0,3.0,15.0,1014.0,1131.0,2947.0,16.0,11.0,4.0,1.0,1.0,1.0,3
1270.0,0.0,0.5,0.0,1.0,1.0,62.0,0.5,142.0,4.0,2.0,566.0,695.0,3747.0,18.0,13.0,8.0,1.0,0.0,1.0,3
1246.0,0.0,1.6,1.0,0.0,0.0,52.0,0.6,187.0,8.0,4.0,522.0,818.0,552.0,7.0,3.0,8.0,1.0,1.0,1.0,0
1544.0,1.0,0.5,1.0,12.0,1.0,20.0,0.9,144.0,5.0,14.0,588.0,1414.0,1826.0,11.0,10.0,5.0,1.0,0.0,0.0,1
671.0,0.0,0.5,0.0,1.0,0.0,38.0,0.1,105.0,8.0,5.0,605.0,722.0,2210.0,6.0,1.0,18.0,0.0,1.0,1.0,1
582.0,1.0,2.3,1.0,6.0,1.0,51.0,0.9,156.0,4.0,14.0,1241.0,1367.0,2587.0,6.0,3.0,18.0,1.0,1.0,0.0,2
1951.0,0.0,2.1,0.0,5.0,0.0,22.0,0.5,132.0,6.0,6.0,1044.0,1663.0,945.0,16.0,5.0,4.0,1.0,0.0,1.0,1
822.0,0.0,1.1,1.0,2.0,0.0,44.0,0.9,146.0,2.0,4.0,269.0,527.0,3288.0,8.0,5.0,17.0,1.0,1.0,0.0,2
733.0,1.0,0.5,1.0,9.0,1.0,63.0,0.1,153.0,4.0,10.0,715.0,993.0,3003.0,12.0,9.0,12.0,1.0,0.0,1.0,2
820.0,1.0,0.5,1.0,10.0,1.0,15.0,0.3,149.0,8.0,12.0,165.0,532.0,702.0,6.0,0.0,19.0,1.0,1.0,0.0,0
1455.0,0.0,2.2,1.0,8.0,1.0,19.0,0.3,174.0,4.0,10.0,91.0,628.0,2029.0,8.0,0.0,10.0,1.0,0.0,0.0,1
1723.0,1.0,0.6,1.0,1.0,0.0,57.0,0.3,122.0,5.0,19.0,1373.0,1572.0,3138.0,12.0,8.0,11.0,0.0,1.0,0.0,3
1869.0,0.0,1.6,0.0,2.0,1.0,60.0,1.0,124.0,6.0,16.0,520.0,566.0,1521.0,14.0,8.0,18.0,1.0,1.0,0.0,1
1670.0,0.0,0.5,0.0,1.0,1.0,33.0,0.9,127.0,2.0,3.0,185.0,807.0,1830.0,5.0,0.0,6.0,1.0,1.0,1.0,1
1734.0,0.0,1.4,1.0,8.0,0.0,57.0,0.5,188.0,4.0,15.0,573.0,584.0,3822.0,9.0,4.0,6.0,0.0,1.0,1.0,3
602.0,0.0,2.5,0.0,7.0,1.0,59.0,0.3,166.0,4.0,11.0,76.0,637.0,1914.0,11.0,2.0,10.0,1.0,1.0,0.0,0
1060.0,0.0,2.5,1.0,6.0,1.0,31.0,0.6,162.0,1.0,11.0,582.0,1212.0,2819.0,10.0,4.0,16.0,1.0,1.0,1.0,2
1445.0,1.0,1.4,0.0,11.0,1.0,8.0,0.7,164.0,4.0,14.0,772.0,1766.0,3120.0,7.0,3.0,15.0,1.0,0.0,0.0,3
1005.0,1.0,1.6,1.0,6.0,0.0,32.0,0.6,199.0,7.0,13.0,883.0,1750.0,2119.0,14.0,9.0,5.0,1.0,1.0,1.0,2
536.0,0.0,0.5,0.0,8.0,1.0,27.0,0.3,108.0,1.0,13.0,1573.0,1962.0,1676.0,14.0,7.0,20.0,1.0,0.0,1.0,1
1255.0,0.0,1.1,0.0,0.0,1.0,34.0,0.2,85.0,3.0,1.0,118.0,722.0,1749.0,19.0,17.0,8.0,1.0,1.0,1.0,1
1252.0,1.0,2.6,1.0,1.0,1.0,43.0,0.8,124.0,1.0,3.0,153.0,538.0,2447.0,18.0,15.0,11.0,1.0,0.0,0.0,1
1471.0,1.0,2.0,0.0,0.0,1.0,54.0,0.7,127.0,8.0,0.0,193.0,1134.0,3315.0,17.0,1.0,4.0,1.0,0.0,1.0,3
914.0,1.0,2.3,1.0,0.0,1.0,47.0,0.5,119.0,3.0,3.0,727.0,796.0,3402.0,14.0,10.0,5.0,1.0,0.0,1.0,3
1439.0,1.0,2.6,1.0,3.0,1.0,14.0,0.3,101.0,8.0,6.0,686.0,716.0,763.0,5.0,3.0,4.0,1.0,0.0,0.0,0
732.0,1.0,0.5,0.0,6.0,0.0,60.0,0.1,92.0,4.0,9.0,670.0,1025.0,3065.0,19.0,12.0,14.0,0.0,1.0,1.0,2
1025.0,1.0,1.9,0.0,3.0,1.0,38.0,0.7,138.0,7.0,5.0,108.0,1238.0,3530.0,5.0,0.0,11.0,1.0,1.0,0.0,3
842.0,0.0,2.7,1.0,18.0,0.0,31.0,0.4,161.0,1.0,20.0,45.0,1634.0,496.0,14.0,1.0,14.0,1.0,1.0,0.0,0
643.0,1.0,1.8,1.0,0.0,0.0,28.0,0.4,199.0,1.0,20.0,532.0,1273.0,2885.0,8.0,6.0,5.0,0.0,0.0,1.0,2
667.0,0.0,0.7,1.0,8.0,0.0,23.0,0.8,136.0,4.0,14.0,666.0,1372.0,3720.0,19.0,10.0,10.0,1.0,1.0,0.0,3
1791.0,1.0,2.3,0.0,5.0,0.0,29.0,0.9,196.0,1.0,6.0,1039.0,1602.0,2500.0,10.0,7.0,2.0,1.0,1.0,0.0,2
1104.0,0.0,0.5,1.0,2.0,0.0,57.0,0.6,129.0,5.0,15.0,1591.0,1750.0,2254.0,14.0,7.0,16.0,1.0,1.0,0.0,2
1276.0,1.0,3.0,0.0,5.0,1.0,33.0,0.6,136.0,4.0,13.0,15.0,1719.0,2395.0,11.0,1.0,10.0,1.0,1.0,0.0,2
927.0,0.0,1.2,1.0,2.0,1.0,22.0,0.1,162.0,2.0,3.0,1106.0,1692.0,3741.0,7.0,4.0,5.0,1.0,0.0,1.0,3
859.0,0.0,1.1,1.0,11.0,1.0,19.0,0.5,139.0,5.0,16.0,952.0,1713.0,2473.0,10.0,4.0,17.0,1.0,1.0,1.0,2
1162.0,1.0,2.9,1.0,2.0,0.0,57.0,0.3,146.0,7.0,19.0,9.0,555.0,1316.0,10.0,2.0,3.0,1.0,0.0,1.0,0
1876.0,0.0,2.4,0.0,11.0,0.0,22.0,0.7,168.0,2.0,18.0,157.0,1512.0,1403.0,15.0,11.0,13.0,1.0,0.0,0.0,1
1057.0,0.0,2.7,1.0,3.0,0.0,36.0,0.7,105.0,3.0,11.0,1318.0,1351.0,2521.0,19.0,15.0,6.0,0.0,1.0,1.0,2
1926.0,0.0,1.8,0.0,1.0,0.0,15.0,0.9,86.0,2.0,5.0,523.0,1699.0,735.0,5.0,2.0,8.0,0.0,1.0,0.0,1
853.0,0.0,0.6,1.0,3.0,1.0,40.0,0.7,166.0,4.0,9.0,476.0,1382.0,2510.0,8.0,3.0,6.0,1.0,1.0,0.0,2
1949.0,1.0,1.5,0.0,1.0,1.0,7.0,0.5,175.0,8.0,19.0,525.0,1419.0,1406.0,5.0,1.0,8.0,1.0,1.0,0.0,1
1981.0,0.0,0.5,0.0,3.0,0.0,38.0,0.2,103.0,5.0,10.0,282.0,1051.0,1392.0,5.0,0.0,11.0,0.0,0.0,0.0,1
1556.0,1.0,2.9,1.0,5.0,1.0,21.0,0.5,197.0,3.0,19.0,902.0,1451.0,1969.0,11.0,3.0,15.0,1.0,1.0,0.0,2
660.0,1.0,0.7,1.0,3.0,0.0,12.0,0.4,161.0,8.0,14.0,506.0,799.0,3549.0,19.0,18.0,12.0,1.0,0.0,1.0,2
1955.0,1.0,1.4,0.0,1.0,0.0,30.0,0.2,91.0,6.0,2.0,220.0,759.0,2340.0,9.0,0.0,12.0,1.0,1.0,1.0,2
1567.0,0.0,0.6,1.0,6.0,0.0,63.0,0.8,83.0,5.0,13.0,635.0,1112.0,1777.0,6.0,3.0,19.0,1.0,1.0,0.0,1
1307.0,0.0,2.1,0.0,5.0,0.0,44.0,0.1,189.0,5.0,6.0,530.0,1203.0,2402.0,5.0,4.0,19.0,0.0,1.0,0.0,2
1421.0,1.0,2.9,0.0,2.0,0.0,43.0,0.2,130.0,4.0,11.0,1516.0,1556.0,845.0,14.0,6.0,4.0,0.0,0.0,0.0,1
1332.0,0.0,2.4,0.0,0.0,0.0,44.0,0.9,81.0,8.0,1.0,748.0,832.0,1176.0,16.0,10.0,10.0,0.0,1.0,1.0,1
1628.0,1.0,1.4,1.0,4.0,0.0,3.0,0.4,184.0,6.0,20.0,436.0,1653.0,1624.0,11.0,1.0,19.0,0.0,0.0,0.0,1
1752.0,0.0,2.6,1.0,8.0,1.0,17.0,0.4,115.0,5.0,10.0,1165.0,1540.0,3323.0,19.0,11.0,16.0,1.0,1.0,1.0,3
1733.0,0.0,0.5,0.0,2.0,0.0,20.0,0.5,156.0,8.0,3.0,419.0,1806.0,1197.0,8.0,7.0,10.0,0.0,1.0,0.0,1
1081.0,1.0,1.2,0.0,7.0,0.0,51.0,0.2,194.0,2.0,11.0,39.0,1852.0,412.0,16.0,4.0,7.0,1.0,0.0,0.0,0
854.0,1.0,2.6,1.0,1.0,1.0,45.0,0.5,162.0,6.0,12.0,49.0,1146.0,2317.0,12.0,5.0,18.0,1.0,1.0,1.0,1
1657.0,0.0,2.6,1.0,3.0,1.0,22.0,0.5,87.0,4.0,20.0,1019.0,1535.0,1852.0,15.0,5.0,12.0,1.0,1.0,0.0,2
1053.0,0.0,2.1,0.0,4.0,0.0,12.0,0.1,95.0,7.0,7.0,6.0,1089.0,3701.0,13.0,1.0,17.0,0.0,1.0,0.0,3
1370.0,0.0,2.9,0.0,2.0,1.0,24.0,0.3,100.0,5.0,3.0,804.0,992.0,1672.0,10.0,4.0,4.0,1.0,0.0,0.0,1
1652.0,1.0,1.5,1.0,1.0,0.0,57.0,0.1,175.0,6.0,17.0,555.0,714.0,489.0,12.0,2.0,2.0,1.0,1.0,1.0,0
915.0,0.0,2.8,1.0,4.0,0.0,22.0,1.0,174.0,5.0,12.0,748.0,1840.0,572.0,7.0,1.0,10.0,1.0,1.0,1.0,0
1272.0,1.0,0.5,0.0,1.0,1.0,50.0,0.7,129.0,8.0,18.0,377.0,1970.0,2969.0,15.0,2.0,10.0,1.0,0.0,1.0,3
646.0,1.0,2.3,1.0,15.0,1.0,10.0,0.9,180.0,8.0,17.0,673.0,1135.0,3005.0,14.0,0.0,5.0,1.0,0.0,1.0,2
1359.0,1.0,0.9,1.0,6.0,0.0,40.0,0.1,182.0,2.0,7.0,130.0,1030.0,2805.0,19.0,14.0,18.0,0.0,1.0,1.0,2
1691.0,0.0,0.5,0.0,0.0,0.0,24.0,0.3,119.0,1.0,3.0,762.0,1643.0,2900.0,16.0,5.0,19.0,1.0,0.0,0.0,3
796.0,1.0,1.5,1.0,3.0,0.0,62.0,0.7,99.0,8.0,12.0,214.0,843.0,434.0,16.0,2.0,16.0,0.0,1.0,1.0,0
534.0,1.0,1.9,1.0,1.0,1.0,60.0,0.2,159.0,1.0,18.0,1216.0,1847.0,3599.0,10.0,4.0,8.0,1.0,0.0,1.0,3
721.0,1.0,2.6,1.0,1.0,0.0,39.0,0.6,168.0,2.0,2.0,629.0,1509.0,3372.0,5.0,1.0,6.0,0.0,0.0,0.0,3
675.0,1.0,2.8,0.0,11.0,0.0,44.0,0.1,169.0,5.0,20.0,135.0,1109.0,2980.0,15.0,12.0,6.0,1.0,1.0,1.0,2
1182.0,1.0,1.4,1.0,5.0,1.0,21.0,0.5,107.0,2.0,17.0,625.0,1346.0,1765.0,13.0,5.0,6.0,1.0,1.0,0.0,1
1062.0,1.0,2.9,1.0,3.0,1.0,12.0,0.3,152.0,2.0,10.0,1041.0,1280.0,3664.0,9.0,6.0,4.0,1.0,1.0,1.0,3
732.0,1.0,0.5,0.0,1.0,1.0,7.0,0.4,113.0,6.0,2.0,367.0,968.0,1423.0,13.0,2.0,19.0,1.0,1.0,1.0,0
781.0,1.0,0.9,1.0,0.0,0.0,62.0,0.1,94.0,2.0,1.0,1117.0,1667.0,1442.0,9.0,0.0,16.0,1.0,0.0,1.0,1
790.0,1.0,1.0,1.0,9.0,1.0,45.0,0.1,200.0,6.0,20.0,1068.0,1577.0,3184.0,17.0,5.0,13.0,1.0,0.0,1.0,3
1480.0,1.0,0.9,0.0,0.0,0.0,62.0,0.9,199.0,1.0,0.0,464.0,868.0,1780.0,18.0,14.0,4.0,1.0,1.0,1.0,1
946.0,1.0,1.0,0.0,13.0,0.0,56.0,0.7,128.0,6.0,14.0,349.0,541.0,2565.0,17.0,10.0,7.0,0.0,0.0,0.0,1
1545.0,1.0,1.7,0.0,1.0,1.0,59.0,0.7,183.0,3.0,20.0,148.0,721.0,1443.0,8.0,2.0,16.0,1.0,0.0,1.0,1
898.0,0.0,2.7,0.0,0.0,0.0,16.0,0.2,81.0,4.0,4.0,139.0,1660.0,2286.0,5.0,0.0,4.0,1.0,0.0,0.0,2
1662.0,0.0,0.5,0.0,0.0,0.0,48.0,0.8,155.0,6.0,2.0,875.0,1362.0,2787.0,12.0,7.0,19.0,1.0,0.0,1.0,3
1056.0,0.0,2.2,0.0,6.0,0.0,2.0,0.4,166.0,6.0,13.0,527.0,825.0,3215.0,16.0,8.0,6.0,1.0,0.0,1.0,2
1074.0,0.0,1.4,1.0,0.0,1.0,17.0,0.7,115.0,1.0,6.0,689.0,1628.0,401.0,18.0,11.0,12.0,1.0,1.0,0.0,0
1772.0,1.0,0.5,0.0,0.0,1.0,55.0,0.5,149.0,5.0,0.0,405.0,727.0,3346.0,17.0,2.0,18.0,1.0,1.0,1.0,3
694.0,1.0,0.5,1.0,6.0,0.0,3.0,0.8,107.0,3.0,10.0,1345.0,1514.0,991.0,11.0,3.0,19.0,0.0,1.0,0.0,0
1387.0,1.0,1.0,0.0,0.0,1.0,3.0,0.9,154.0,6.0,5.0,75.0,655.0,2909.0,19.0,1.0,4.0,1.0,1.0,0.0,2
1259.0,1.0,1.0,1.0,7.0,1.0,6.0,0.1,110.0,7.0,11.0,1611.0,1923.0,2897.0,16.0,14.0,19.0,1.0,0.0,0.0,3
1066.0,1.0,2.4,0.0,6.0,0.0,23.0,0.6,173.0,3.0,7.0,870.0,1026.0,896.0,12.0,9.0,10.0,0.0,0.0,1.0,0
940.0,1.0,2.0,1.0,7.0,1.0,24.0,0.6,81.0,1.0,15.0,955.0,1845.0,2971.0,10.0,0.0,6.0,1.0,0.0,1.0,3
1517.0,1.0,2.2,1.0,11.0,0.0,19.0,0.3,179.0,2.0,16.0,291.0,1592.0,1972.0,11.0,0.0,13.0,0.0,0.0,1.0,1
986.0,0.0,1.4,1.0,6.0,1.0,29.0,0.2,122.0,7.0,10.0,1907.0,1911.0,2742.0,17.0,12.0,15.0,1.0,0.0,0.0,3
1595.0,1.0,1.1,0.0,4.0,1.0,31.0,0.1,101.0,3.0,7.0,824.0,1052.0,2875.0,16.0,13.0,13.0,1.0,1.0,0.0,3
708.0,0.0,2.4,1.0,0.0,0.0,56.0,0.7,104.0,7.0,1.0,999.0,1695.0,1920.0,7.0,3.0,11.0,1.0,1.0,0.0,1
726.0,1.0,0.5,1.0,1.0,1.0,6.0,0.7,183.0,5.0,2.0,114.0,628.0,1653.0,8.0,5.0,17.0,1.0,0.0,1.0,0
761.0,1.0,0.5,0.0,4.0,1.0,5.0,0.8,181.0,1.0,17.0,562.0,829.0,3111.0,5.0,3.0,14.0,1.0,0.0,0.0,2
643.0,0.0,2.6,0.0,0.0,1.0,8.0,0.3,115.0,4.0,4.0,724.0,1175.0,3740.0,8.0,7.0,13.0,1.0,0.0,1.0,3
871.0,1.0,1.7,1.0,0.0,0.0,56.0,0.6,124.0,6.0,2.0,483.0,1045.0,1794.0,13.0,4.0,4.0,1.0,1.0,0.0,1
1347.0,0.0,2.1,1.0,4.0,0.0,44.0,0.8,97.0,2.0,14.0,137.0,792.0,399.0,16.0,2.0,10.0,1.0,1.0,0.0,0
1659.0,0.0,2.7,0.0,18.0,0.0,64.0,0.7,83.0,2.0,19.0,727.0,1979.0,1778.0,10.0,9.0,13.0,1.0,0.0,1.0,2
1259.0,0.0,1.2,0.0,0.0,1.0,61.0,0.5,82.0,5.0,15.0,1001.0,1158.0,1415.0,10.0,1.0,2.0,1.0,1.0,0.0,1
544.0,0.0,1.6,0.0,5.0,1.0,39.0,0.1,91.0,6.0,7.0,101.0,718.0,3262.0,19.0,7.0,19.0,1.0,1.0,0.0,2
1570.0,0.0,0.6,0.0,7.0,0.0,12.0,0.2,141.0,8.0,13.0,487.0,517.0,1895.0,18.0,11.0,5.0,0.0,0.0,1.0,1
690.0,0.0,2.9,0.0,8.0,0.0,38.0,0.9,154.0,1.0,10.0,711.0,750.0,3427.0,13.0,6.0,20.0,0.0,0.0,0.0,2
1053.0,0.0,2.5,1.0,12.0,1.0,3.0,0.6,86.0,4.0,19.0,910.0,1097.0,792.0,17.0,6.0,7.0,1.0,0.0,1.0,0
1772.0,0.0,2.4,1.0,5.0,0.0,8.0,0.1,135.0,3.0,13.0,1337.0,1544.0,2297.0,8.0,6.0,4.0,1.0,0.0,1.0,2
1891.0,1.0,1.3,1.0,10.0,1.0,23.0,0.4,158.0,2.0,17.0,518.0,1357.0,2610.0,9.0,5.0,10.0,1.0,0.0,0.0,2
937.0,1.0,1.5,0.0,2.0,1.0,44.0,0.8,133.0,4.0,6.0,919.0,1782.0,493.0,9.0,7.0,15.0,1.0,0.0,1.0,0
913.0,0.0,2.9,0.0,13.0,1.0,34.0,0.7,183.0,4.0,19.0,578.0,1726.0,2800.0,7.0,2.0,9.0,1.0,1.0,0.0,2
1066.0,1.0,0.9,0.0,4.0,0.0,43.0,0.4,101.0,6.0,11.0,876.0,880.0,3856.0,14.0,0.0,6.0,1.0,0.0,1.0,3
840.0,1.0,1.6,1.0,0.0,0.0,7.0,0.9,147.0,2.0,3.0,98.0,674.0,3327.0,19.0,6.0,12.0,0.0,0.0,1.0,2
710.0,1.0,2.3,1.0,1.0,1.0,24.0,0.4,153.0,2.0,3.0,1714.0,1895.0,3678.0,18.0,4.0,18.0,1.0,1.0,1.0,3
623.0,1.0,0.5,1.0,5.0,1.0,29.0,0.9,134.0,3.0,10.0,273.0,1814.0,717.0,12.0,5.0,13.0,1.0,0.0,0.0,0
700.0,1.0,1.3,0.0,2.0,0.0,40.0,0.1,150.0,8.0,11.0,612.0,1325.0,2537.0,15.0,10.0,8.0,1.0,1.0,1.0,2
995.0,0.0,2.6,1.0,4.0,0.0,7.0,0.8,157.0,1.0,6.0,1315.0,1804.0,1272.0,16.0,6.0,8.0,0.0,1.0,1.0,1
1325.0,0.0,1.3,1.0,10.0,1.0,33.0,0.9,165.0,1.0,12.0,1653.0,1967.0,726.0,10.0,2.0,12.0,1.0,1.0,1.0,1
1982.0,1.0,2.6,1.0,7.0,1.0,43.0,0.3,113.0,4.0,8.0,1409.0,1679.0,1791.0,9.0,2.0,8.0,1.0,1.0,0.0,2
1401.0,0.0,2.7,0.0,0.0,0.0,16.0,0.1,187.0,5.0,4.0,975.0,1028.0,2668.0,11.0,8.0,20.0,1.0,0.0,0.0,2
636.0,1.0,2.6,1.0,7.0,1.0,55.0,0.3,183.0,2.0,14.0,762.0,1596.0,3558.0,10.0,7.0,10.0,1.0,1.0,1.0,3
1637.0,1.0,0.6,1.0,12.0,1.0,57.0,0.5,111.0,8.0,17.0,7.0,940.0,3329.0,11.0,9.0,6.0,1.0,1.0,0.0,3
1036.0,0.0,0.9,0.0,16.0,0.0,9.0,0.2,119.0,3.0,18.0,70.0,502.0,299.0,11.0,8.0,16.0,1.0,1.0,0.0,0
1247.0,1.0,2.1,0.0,10.0,1.0,63.0,0.1,116.0,4.0,12.0,170.0,1028.0,2999.0,9.0,3.0,20.0,1.0,1.0,0.0,2
1207.0,0.0,1.1,1.0,9.0,1.0,56.0,0.1,141.0,6.0,11.0,93.0,560.0,2293.0,12.0,4.0,19.0,1.0,1.0,0.0,1
1198.0,1.0,0.5,1.0,0.0,0.0,31.0,0.6,125.0,7.0,7.0,546.0,1223.0,2777.0,16.0,3.0,20.0,1.0,0.0,0.0,2
1796.0,1.0,0.5,0.0,0.0,0.0,44.0,0.2,169.0,4.0,4.0,841.0,1803.0,1378.0,12.0,0.0,13.0,1.0,0.0,1.0,1
1855.0,0.0,1.0,1.0,8.0,0.0,58.0,0.9,145.0,4.0,14.0,1080.0,1883.0,2834.0,14.0,2.0,3.0,1.0,1.0,0.0,3
1557.0,1.0,1.6,0.0,7.0,0.0,26.0,0.3,154.0,5.0,14.0,665.0,1790.0,885.0,17.0,2.0,5.0,0.0,1.0,1.0,1
958.0,0.0,0.5,1.0,0.0,1.0,47.0,0.7,116.0,8.0,0.0,300.0,501.0,1706.0,6.0,2.0,2.0,1.0,1.0,0.0,1
1882.0,1.0,2.1,1.0,0.0,0.0,17.0,0.1,127.0,8.0,5.0,280.0,1171.0,2996.0,9.0,6.0,3.0,1.0,0.0,0.0,3
1489.0,0.0,0.5,1.0,7.0,0.0,60.0,0.8,197.0,7.0,10.0,7.0,719.0,677.0,5.0,2.0,11.0,1.0,0.0,1.0,0
1980.0,0.0,0.5,1.0,7.0,0.0,15.0,0.4,141.0,6.0,12.0,499.0,1029.0,1710.0,11.0,2.0,11.0,1.0,1.0,0.0,1
1235.0,0.0,1.8,1.0,3.0,0.0,21.0,0.5,197.0,3.0,4.0,1252.0,1284.0,464.0,14.0,2.0,17.0,0.0,1.0,1.0,0
829.0,0.0,2.6,1.0,11.0,1.0,10.0,0.1,132.0,2.0,13.0,349.0,833.0,975.0,12.0,6.0,8.0,1.0,1.0,1.0,0
1998.0,1.0,0.5,0.0,6.0,0.0,47.0,0.2,182.0,4.0,7.0,1603.0,1837.0,3918.0,9.0,4.0,9.0,1.0,0.0,1.0,3
1814.0,0.0,1.6,0.0,6.0,1.0,3.0,0.7,156.0,5.0,16.0,1196.0,1666.0,2489.0,9.0,3.0,12.0,1.0,1.0,0.0,3
1711.0,1.0,0.5,1.0,1.0,1.0,12.0,1.0,97.0,1.0,18.0,855.0,1199.0,2461.0,9.0,4.0,9.0,1.0,1.0,0.0,2
971.0,1.0,2.1,0.0,9.0,0.0,7.0,0.3,143.0,4.0,17.0,1074.0,1885.0,811.0,18.0,2.0,13.0,1.0,1.0,0.0,0
991.0,0.0,2.6,0.0,0.0,0.0,19.0,0.5,133.0,7.0,2.0,516.0,767.0,1358.0,16.0,14.0,20.0,0.0,1.0,0.0,0
905.0,0.0,1.9,1.0,11.0,1.0,12.0,0.7,173.0,7.0,12.0,410.0,1021.0,852.0,19.0,0.0,3.0,1.0,1.0,0.0,0
1653.0,1.0,1.3,0.0,0.0,0.0,49.0,0.7,99.0,7.0,4.0,206.0,936.0,377.0,9.0,7.0,10.0,1.0,0.0,0.0,0
635.0,1.0,1.9,1.0,0.0,1.0,57.0,1.0,136.0,6.0,11.0,1257.0,1597.0,3954.0,15.0,4.0,20.0,1.0,1.0,0.0,3
1807.0,0.0,1.2,0.0,4.0,0.0,37.0,0.8,162.0,1.0,11.0,246.0,932.0,2741.0,7.0,1.0,9.0,1.0,1.0,1.0,2
1797.0,1.0,2.6,0.0,4.0,0.0,42.0,0.6,174.0,3.0,20.0,57.0,1169.0,3359.0,16.0,6.0,18.0,1.0,1.0,1.0,3
1895.0,0.0,0.5,1.0,0.0,1.0,62.0,0.9,99.0,2.0,0.0,1019.0,1698.0,2563.0,10.0,8.0,13.0,1.0,0.0,1.0,3
567.0,1.0,2.7,1.0,14.0,1.0,56.0,0.4,165.0,8.0,17.0,555.0,1290.0,336.0,7.0,6.0,7.0,1.0,1.0,1.0,0
936.0,1.0,1.4,1.0,0.0,0.0,46.0,0.8,139.0,2.0,0.0,265.0,886.0,684.0,8.0,5.0,12.0,1.0,1.0,1.0,0
1700.0,1.0,1.9,0.0,0.0,1.0,54.0,0.5,170.0,7.0,17.0,644.0,913.0,2121.0,14.0,8.0,15.0,1.0,1.0,0.0,2
609.0,0.0,1.8,1.0,0.0,0.0,13.0,0.9,186.0,4.0,2.0,1152.0,1632.0,1933.0,8.0,1.0,19.0,0.0,1.0,1.0,1
1185.0,0.0,1.4,0.0,1.0,1.0,8.0,0.5,80.0,1.0,12.0,477.0,825.0,1223.0,5.0,0.0,14.0,1.0,0.0,0.0,0
1533.0,1.0,0.5,1.0,0.0,0.0,50.0,0.4,171.0,2.0,12.0,38.0,832.0,2509.0,15.0,11.0,6.0,0.0,1.0,0.0,2
1270.0,1.0,0.5,0.0,4.0,1.0,35.0,0.1,140.0,6.0,19.0,457.0,608.0,2828.0,9.0,2.0,3.0,1.0,0.0,1.0,2
